-- Ashenvale
DELETE FROM `gameobject` WHERE `guid` IN (2167,2172,2173,2195,2217,2238,2240,2241,2244,2249,2252,2256,2275,2276,2282,2294,2299,2300,2316,2326,2330,2332,2342,2352,2353,2356,2357,2381,2417,2418,2425,2431,2437,2438,2439,2440,2441,2442,2443,2444,2449,2459,2467,2469,2479,2480,2493,2498,2517,2525,2526,2540,2541,2545,2553,2557,2572,2579,2580,2584,2592,2612,2614,2616,2628,2672,2675,2682,2686,2700,2704,2712,2718,2731,2735,2750,2773,2774,2775,2778,2782,2798,2801,2827,2829,2848,2849,2850,2856,2861,2868,2871,2877,2878,2879,2888,2890,2891,2931,2932,2963,2976,2997,3001,3011,3039,3042,3063,3108,3118,3119,3133,3138,3141,3142,3159,3190,3211,3224,3257,3258,3259,3293,3294,3295,3296,3297,3298,3299,3300,3301,3302,3337,3340,3365,3370,3371,3372,3394,3395,3492,3508,3511,3515,3523,3527,3528,3529,3530,3533,3534,3535,3554,3562,3576,3596,3597,3613,3614,3615,3617,3618,3619,3640,3641,3642,3643,3644,3653,3655,3656,3683,3702,3704,3705,3741,3746,3778,3779,3824,3825,3846,3850,3851,3889,3894,3895,3925,3950,3955,3983,4025,4055,4089,4111,4149,4166,4179,4233,4235,4243,4259,4279,4311,4368,4423,7387,7426,7453,7481,15791,15831,15835,15847,15848,15878,15890,15902,15907,15942,16456,16457,16478,16481,16511,16515,16517,30190,30191,30192,31372,31373,31376,31380,31386,31387,32529,32532,32542,32548,32557,32558,32569,32585,32586,32588,32589,32590,33547,33548,35019,47868,47869,47870,47871,47912,47913,47914,47915,47916,47917,47919,47920,47921,47922,47923,47924,47925,47926,47927,47929,47930,47931,47932,47933,47934,47936,47937,47938,47939,47941,47942,47943,47944,47945,47946,47947,47948,47949,47950,47951,47952,47953,47954,47955,47956,48179,48180,48181,48182,48183,63300,63315,63319,63339,63366,65014,65022,65065,65099,65101,65110,65115,86250,86266,86275,86303,86334,86346,86347,87241,87252,87273,87277,87278,87279,87343,87463,87465,87468,87469,87477,87478);

DELETE FROM `pool_template` WHERE `entry`=960;

DELETE FROM `pool_gameobject` WHERE `pool_entry`=960 AND `guid` IN (2167,2172,2173,2195,2217,2238,2240,2241,2244,2249,2252,2256,2275,2276,2282,2294,2299,2300,2316,2326,2330,2332,2342,2352,2353,2356,2357,2381,2417,2418,2425,2431,2437,2438,2439,2440,2441,2442,2443,2444,2449,2459,2467,2469,2479,2480,2493,2498,2517,2525,2526,2540,2541,2545,2553,2557,2572,2579,2580,2584,2592,2612,2614,2616,2628,2672,2675,2682,2686,2700,2704,2712,2718,2731,2735,2750,2773,2774,2775,2778,2782,2798,2801,2827,2829,2848,2849,2850,2856,2861,2868,2871,2877,2878,2879,2888,2890,2891,2931,2932,2963,2976,2997,3001,3011,3039,3042,3063,3108,3118,3119,3133,3138,3141,3142,3159,3190,3211,3224,3257,3258,3259,3293,3294,3295,3296,3297,3298,3299,3300,3301,3302,3337,3340,3365,3370,3371,3372,3394,3395,3492,3508,3511,3515,3523,3527,3528,3529,3530,3533,3534,3535,3554,3562,3576,3596,3597,3613,3614,3615,3617,3618,3619,3640,3641,3642,3643,3644,3653,3655,3656,3683,3702,3704,3705,3741,3746,3778,3779,3824,3825,3846,3850,3851,3889,3894,3895,3925,3950,3955,3983,4025,4055,4089,4111,4149,4166,4179,4233,4235,4243,4259,4279,4311,4368,4423,7387,7426,7453,7481,15791,15831,15835,15847,15848,15878,15890,15902,15907,15942,16456,16457,16478,16481,16511,16515,16517,30190,30191,30192,31372,31373,31376,31380,31386,31387,32529,32532,32542,32548,32557,32558,32569,32585,32586,32588,32589,32590,33547,33548,35019,47868,47869,47870,47871,47912,47913,47914,47915,47916,47917,47919,47920,47921,47922,47923,47924,47925,47926,47927,47929,47930,47931,47932,47933,47934,47936,47937,47938,47939,47941,47942,47943,47944,47945,47946,47947,47948,47949,47950,47951,47952,47953,47954,47955,47956,48179,48180,48181,48182,48183,63300,63315,63319,63339,63366,65014,65022,65065,65099,65101,65110,65115,86250,86266,86275,86303,86334,86346,86347,87241,87252,87273,87277,87278,87279,87343,87463,87465,87468,87469,87477,87478);

DELETE FROM `pool_template` WHERE `entry` BETWEEN 524 AND 531;
INSERT INTO `pool_template` (`entry`, `max_limit`, `description`) VALUES
(524, 23, 'Bruiseweed in Ashenvale'),
(525, 20, 'Briarthorn in Ashenvale'),
(526, 21, 'Mageroyal in Ashenvale'),
(527, 9, 'Kingsblood in Ashenvale'),
(528, 10, 'Wild Steelbloom in Ashenvale'),
(529, 4, 'Purple Lotus in Ashenvale'),
(530, 4, 'Liferoot in Ashenvale'),
(531, 3, 'Gromsblood in Ashenvale');

DELETE FROM `pool_gameobject` WHERE `guid` BETWEEN 76055 AND 76353;
INSERT INTO `pool_gameobject` (`guid`, `pool_entry`, `chance`, `description`) VALUES 
(76055, 526, 0, 'Mageroyal'),
(76056, 526, 0, 'Mageroyal'),
(76057, 526, 0, 'Mageroyal'),
(76058, 526, 0, 'Mageroyal'),
(76059, 526, 0, 'Mageroyal'),
(76060, 526, 0, 'Mageroyal'),
(76061, 526, 0, 'Mageroyal'),
(76062, 526, 0, 'Mageroyal'),
(76063, 526, 0, 'Mageroyal'),
(76064, 526, 0, 'Mageroyal'),
(76065, 526, 0, 'Mageroyal'),
(76066, 526, 0, 'Mageroyal'),
(76067, 526, 0, 'Mageroyal'),
(76068, 526, 0, 'Mageroyal'),
(76069, 526, 0, 'Mageroyal'),
(76070, 526, 0, 'Mageroyal'),
(76071, 526, 0, 'Mageroyal'),
(76072, 526, 0, 'Mageroyal'),
(76073, 526, 0, 'Mageroyal'),
(76074, 526, 0, 'Mageroyal'),
(76075, 526, 0, 'Mageroyal'),
(76076, 526, 0, 'Mageroyal'),
(76077, 526, 0, 'Mageroyal'),
(76078, 526, 0, 'Mageroyal'),
(76079, 526, 0, 'Mageroyal'),
(76080, 526, 0, 'Mageroyal'),
(76081, 526, 0, 'Mageroyal'),
(76082, 526, 0, 'Mageroyal'),
(76083, 526, 0, 'Mageroyal'),
(76084, 526, 0, 'Mageroyal'),
(76085, 526, 0, 'Mageroyal'),
(76086, 526, 0, 'Mageroyal'),
(76087, 526, 0, 'Mageroyal'),
(76088, 526, 0, 'Mageroyal'),
(76089, 526, 0, 'Mageroyal'),
(76090, 526, 0, 'Mageroyal'),
(76091, 526, 0, 'Mageroyal'),
(76092, 526, 0, 'Mageroyal'),
(76093, 526, 0, 'Mageroyal'),
(76094, 526, 0, 'Mageroyal'),
(76095, 526, 0, 'Mageroyal'),
(76096, 526, 0, 'Mageroyal'),
(76097, 526, 0, 'Mageroyal'),
(76098, 526, 0, 'Mageroyal'),
(76099, 526, 0, 'Mageroyal'),
(76100, 526, 0, 'Mageroyal'),
(76101, 526, 0, 'Mageroyal'),
(76102, 526, 0, 'Mageroyal'),
(76103, 526, 0, 'Mageroyal'),
(76104, 526, 0, 'Mageroyal'),
(76105, 526, 0, 'Mageroyal'),
(76106, 526, 0, 'Mageroyal'),
(76107, 526, 0, 'Mageroyal'),
(76108, 525, 0, 'Briarthorn'),
(76109, 525, 0, 'Briarthorn'),
(76110, 525, 0, 'Briarthorn'),
(76111, 525, 0, 'Briarthorn'),
(76112, 525, 0, 'Briarthorn'),
(76113, 525, 0, 'Briarthorn'),
(76114, 525, 0, 'Briarthorn'),
(76115, 525, 0, 'Briarthorn'),
(76116, 525, 0, 'Briarthorn'),
(76117, 525, 0, 'Briarthorn'),
(76118, 525, 0, 'Briarthorn'),
(76119, 525, 0, 'Briarthorn'),
(76120, 525, 0, 'Briarthorn'),
(76121, 525, 0, 'Briarthorn'),
(76122, 525, 0, 'Briarthorn'),
(76123, 525, 0, 'Briarthorn'),
(76124, 525, 0, 'Briarthorn'),
(76125, 525, 0, 'Briarthorn'),
(76126, 525, 0, 'Briarthorn'),
(76127, 525, 0, 'Briarthorn'),
(76128, 525, 0, 'Briarthorn'),
(76129, 525, 0, 'Briarthorn'),
(76130, 525, 0, 'Briarthorn'),
(76131, 525, 0, 'Briarthorn'),
(76132, 525, 0, 'Briarthorn'),
(76133, 525, 0, 'Briarthorn'),
(76134, 525, 0, 'Briarthorn'),
(76135, 525, 0, 'Briarthorn'),
(76136, 525, 0, 'Briarthorn'),
(76137, 525, 0, 'Briarthorn'),
(76138, 525, 0, 'Briarthorn'),
(76139, 525, 0, 'Briarthorn'),
(76140, 525, 0, 'Briarthorn'),
(76141, 525, 0, 'Briarthorn'),
(76142, 525, 0, 'Briarthorn'),
(76143, 524, 0, 'Bruiseweed'),
(76144, 524, 0, 'Bruiseweed'),
(76145, 524, 0, 'Bruiseweed'),
(76146, 524, 0, 'Bruiseweed'),
(76147, 524, 0, 'Bruiseweed'),
(76148, 524, 0, 'Bruiseweed'),
(76149, 524, 0, 'Bruiseweed'),
(76150, 524, 0, 'Bruiseweed'),
(76151, 524, 0, 'Bruiseweed'),
(76152, 524, 0, 'Bruiseweed'),
(76153, 524, 0, 'Bruiseweed'),
(76154, 524, 0, 'Bruiseweed'),
(76155, 524, 0, 'Bruiseweed'),
(76156, 524, 0, 'Bruiseweed'),
(76157, 524, 0, 'Bruiseweed'),
(76158, 524, 0, 'Bruiseweed'),
(76159, 524, 0, 'Bruiseweed'),
(76160, 524, 0, 'Bruiseweed'),
(76161, 524, 0, 'Bruiseweed'),
(76162, 524, 0, 'Bruiseweed'),
(76163, 524, 0, 'Bruiseweed'),
(76164, 524, 0, 'Bruiseweed'),
(76165, 524, 0, 'Bruiseweed'),
(76166, 524, 0, 'Bruiseweed'),
(76167, 524, 0, 'Bruiseweed'),
(76168, 524, 0, 'Bruiseweed'),
(76169, 524, 0, 'Bruiseweed'),
(76170, 524, 0, 'Bruiseweed'),
(76171, 524, 0, 'Bruiseweed'),
(76172, 524, 0, 'Bruiseweed'),
(76173, 524, 0, 'Bruiseweed'),
(76174, 524, 0, 'Bruiseweed'),
(76175, 524, 0, 'Bruiseweed'),
(76176, 524, 0, 'Bruiseweed'),
(76177, 524, 0, 'Bruiseweed'),
(76178, 524, 0, 'Bruiseweed'),
(76179, 524, 0, 'Bruiseweed'),
(76180, 524, 0, 'Bruiseweed'),
(76181, 524, 0, 'Bruiseweed'),
(76182, 524, 0, 'Bruiseweed'),
(76183, 524, 0, 'Bruiseweed'),
(76184, 524, 0, 'Bruiseweed'),
(76185, 524, 0, 'Bruiseweed'),
(76186, 524, 0, 'Bruiseweed'),
(76187, 524, 0, 'Bruiseweed'),
(76188, 524, 0, 'Bruiseweed'),
(76189, 524, 0, 'Bruiseweed'),
(76190, 524, 0, 'Bruiseweed'),
(76191, 524, 0, 'Bruiseweed'),
(76192, 524, 0, 'Bruiseweed'),
(76193, 524, 0, 'Bruiseweed'),
(76194, 524, 0, 'Bruiseweed'),
(76195, 524, 0, 'Bruiseweed'),
(76196, 524, 0, 'Bruiseweed'),
(76197, 524, 0, 'Bruiseweed'),
(76198, 524, 0, 'Bruiseweed'),
(76199, 524, 0, 'Bruiseweed'),
(76200, 524, 0, 'Bruiseweed'),
(76201, 524, 0, 'Bruiseweed'),
(76202, 524, 0, 'Bruiseweed'),
(76203, 524, 0, 'Bruiseweed'),
(76204, 524, 0, 'Bruiseweed'),
(76205, 528, 0, 'Wild Steelbloom'),
(76206, 528, 0, 'Wild Steelbloom'),
(76207, 528, 0, 'Wild Steelbloom'),
(76208, 528, 0, 'Wild Steelbloom'),
(76209, 528, 0, 'Wild Steelbloom'),
(76210, 528, 0, 'Wild Steelbloom'),
(76211, 528, 0, 'Wild Steelbloom'),
(76212, 528, 0, 'Wild Steelbloom'),
(76213, 528, 0, 'Wild Steelbloom'),
(76214, 528, 0, 'Wild Steelbloom'),
(76215, 528, 0, 'Wild Steelbloom'),
(76216, 528, 0, 'Wild Steelbloom'),
(76217, 528, 0, 'Wild Steelbloom'),
(76218, 528, 0, 'Wild Steelbloom'),
(76219, 527, 0, 'Kingsblood'),
(76220, 527, 0, 'Kingsblood'),
(76221, 527, 0, 'Kingsblood'),
(76222, 527, 0, 'Kingsblood'),
(76223, 530, 0, 'Liferoot'),
(76224, 530, 0, 'Liferoot'),
(76225, 530, 0, 'Liferoot'),
(76226, 527, 0, 'Kingsblood'),
(76227, 525, 0, 'Briarthorn'),
(76228, 525, 0, 'Briarthorn'),
(76229, 525, 0, 'Briarthorn'),
(76230, 525, 0, 'Briarthorn'),
(76231, 525, 0, 'Briarthorn'),
(76232, 525, 0, 'Briarthorn'),
(76233, 525, 0, 'Briarthorn'),
(76234, 525, 0, 'Briarthorn'),
(76235, 524, 0, 'Bruiseweed'),
(76236, 524, 0, 'Bruiseweed'),
(76237, 524, 0, 'Bruiseweed'),
(76238, 524, 0, 'Bruiseweed'),
(76239, 524, 0, 'Bruiseweed'),
(76240, 524, 0, 'Bruiseweed'),
(76241, 524, 0, 'Bruiseweed'),
(76242, 524, 0, 'Bruiseweed'),
(76243, 524, 0, 'Bruiseweed'),
(76244, 529, 0, 'Purple Lotus'),
(76245, 529, 0, 'Purple Lotus'),
(76246, 529, 0, 'Purple Lotus'),
(76247, 529, 0, 'Purple Lotus'),
(76248, 529, 0, 'Purple Lotus'),
(76249, 529, 0, 'Purple Lotus'),
(76250, 529, 0, 'Purple Lotus'),
(76251, 529, 0, 'Purple Lotus'),
(76252, 529, 0, 'Purple Lotus'),
(76253, 531, 0, 'Gromsblood'),
(76254, 531, 0, 'Gromsblood'),
(76255, 531, 0, 'Gromsblood'),
(76256, 531, 0, 'Gromsblood'),
(76257, 531, 0, 'Gromsblood'),
(76258, 531, 0, 'Gromsblood'),
(76259, 531, 0, 'Gromsblood'),
(76260, 531, 0, 'Gromsblood'),
(76261, 531, 0, 'Gromsblood'),
(76262, 531, 0, 'Gromsblood'),
(76263, 527, 0, 'Kingsblood'),
(76264, 527, 0, 'Kingsblood'),
(76265, 527, 0, 'Kingsblood'),
(76266, 526, 0, 'Mageroyal'),
(76267, 526, 0, 'Mageroyal'),
(76268, 526, 0, 'Mageroyal'),
(76269, 529, 0, 'Purple Lotus'),
(76270, 529, 0, 'Purple Lotus'),
(76271, 528, 0, 'Wild Steelbloom'),
(76272, 530, 0, 'Liferoot'),
(76273, 530, 0, 'Liferoot'),
(76274, 524, 0, 'Bruiseweed'),
(76275, 525, 0, 'Briarthorn'),
(76276, 529, 0, 'Purple Lotus'),
(76277, 525, 0, 'Briarthorn'),
(76278, 526, 0, 'Mageroyal'),
(76279, 524, 0, 'Bruiseweed'),
(76280, 525, 0, 'Briarthorn'),
(76281, 525, 0, 'Briarthorn'),
(76282, 526, 0, 'Mageroyal'),
(76283, 529, 0, 'Purple Lotus'),
(76284, 524, 0, 'Bruiseweed'),
(76285, 527, 0, 'Kingsblood'),
(76286, 525, 0, 'Briarthorn'),
(76287, 530, 0, 'Liferoot'),
(76288, 527, 0, 'Kingsblood'),
(76289, 526, 0, 'Mageroyal'),
(76290, 527, 0, 'Kingsblood'),
(76291, 526, 0, 'Mageroyal'),
(76292, 525, 0, 'Briarthorn'),
(76293, 527, 0, 'Kingsblood'),
(76294, 527, 0, 'Kingsblood'),
(76295, 527, 0, 'Kingsblood'),
(76296, 530, 0, 'Liferoot'),
(76297, 530, 0, 'Liferoot'),
(76298, 530, 0, 'Liferoot'),
(76299, 530, 0, 'Liferoot'),
(76300, 527, 0, 'Kingsblood'),
(76301, 529, 0, 'Purple Lotus'),
(76302, 529, 0, 'Purple Lotus'),
(76303, 529, 0, 'Purple Lotus'),
(76304, 531, 0, 'Gromsblood'),
(76305, 526, 0, 'Mageroyal'),
(76306, 526, 0, 'Mageroyal'),
(76307, 526, 0, 'Mageroyal'),
(76308, 526, 0, 'Mageroyal'),
(76309, 526, 0, 'Mageroyal'),
(76310, 526, 0, 'Mageroyal'),
(76311, 525, 0, 'Briarthorn'),
(76312, 525, 0, 'Briarthorn'),
(76313, 525, 0, 'Briarthorn'),
(76314, 525, 0, 'Briarthorn'),
(76315, 525, 0, 'Briarthorn'),
(76316, 525, 0, 'Briarthorn'),
(76317, 524, 0, 'Bruiseweed'),
(76318, 524, 0, 'Bruiseweed'),
(76319, 524, 0, 'Bruiseweed'),
(76320, 524, 0, 'Bruiseweed'),
(76321, 524, 0, 'Bruiseweed'),
(76322, 524, 0, 'Bruiseweed'),
(76323, 524, 0, 'Bruiseweed'),
(76324, 524, 0, 'Bruiseweed'),
(76325, 528, 0, 'Wild Steelbloom'),
(76326, 528, 0, 'Wild Steelbloom'),
(76327, 528, 0, 'Wild Steelbloom'),
(76328, 528, 0, 'Wild Steelbloom'),
(76329, 527, 0, 'Kingsblood'),
(76330, 527, 0, 'Kingsblood'),
(76331, 527, 0, 'Kingsblood'),
(76332, 527, 0, 'Kingsblood'),
(76333, 527, 0, 'Kingsblood'),
(76334, 527, 0, 'Kingsblood'),
(76335, 527, 0, 'Kingsblood'),
(76336, 527, 0, 'Kingsblood'),
(76337, 527, 0, 'Kingsblood'),
(76338, 527, 0, 'Kingsblood'),
(76339, 527, 0, 'Kingsblood'),
(76340, 527, 0, 'Kingsblood'),
(76341, 527, 0, 'Kingsblood'),
(76342, 527, 0, 'Kingsblood'),
(76343, 527, 0, 'Kingsblood'),
(76344, 526, 0, 'Mageroyal'),
(76345, 530, 0, 'Liferoot'),
(76346, 530, 0, 'Liferoot'),
(76347, 530, 0, 'Liferoot'),
(76348, 530, 0, 'Liferoot'),
(76349, 530, 0, 'Liferoot'),
(76350, 530, 0, 'Liferoot'),
(76351, 530, 0, 'Liferoot'),
(76352, 530, 0, 'Liferoot'),
(76353, 530, 0, 'Liferoot');

DELETE FROM `gameobject` WHERE `guid` BETWEEN 76055 AND 76353;
INSERT INTO `gameobject` (`guid`, `id`, `map`, `position_x`, `position_y`, `position_z`, `orientation`, `rotation0`, `rotation1`, `rotation2`, `rotation3`, `spawntimesecs`, `animprogress`, `state`) VALUES
(76055, 1620, 1, 2939.44, -3543.78, 109.3, 1.36136, 0, 0, 0.62932, 0.777146, 900, 255, 1),
(76056, 1620, 1, 3313.39, 395.983, 4.471, 1.229, 0, 0, 0, 0, 900, 100, 1),
(76057, 1620, 1, 2408.83, 105.845, 96.356, 2.09, 0, 0, 0, 0, 900, 100, 1),
(76058, 1620, 1, 2372.65, 92.407, 100.49, 2.747, 0, 0, 0, 0, 900, 100, 1),
(76059, 1620, 1, 2866.85, 83.282, 98.132, 0.159, 0, 0, 0, 0, 900, 100, 1),
(76060, 1620, 1, 2229.76, 1017.1, 273.802, -1, 0, 0, -0.649448, 0.760406, 900, 100, 1),
(76061, 1620, 1, 2375.41, -1143, 94.652, 5.853, 0, 0, 0, 0, 900, 100, 1),
(76062, 1620, 1, 3560.31, 709.945, 9.548, 5.1, 0, 0, 0, 0, 900, 100, 1),
(76063, 1620, 1, 3321.88, 685.945, 15.765, 1.798, 0, 0, 0, 0, 900, 100, 1),
(76064, 1620, 1, 3307.41, 685.586, 17.702, 3.755, 0, 0, 0, 0, 900, 100, 1),
(76065, 1620, 1, 3313.77, 701.513, 33.191, 4.675, 0, 0, 0, 0, 900, 100, 1),
(76066, 1620, 1, 2119.86, -860, 99.217, 0.756, 0, 0, 0, 0, 900, 100, 1),
(76067, 1620, 1, 3460.55, 696.516, 6.872, 2.937, 0, 0, 0, 0, 900, 100, 1),
(76068, 1620, 1, 3101.33, 397.199, 14.639, 4.816, 0, 0, 0, 0, 900, 100, 1),
(76069, 1620, 1, 3292.47, 702.681, 20.065, 6.134, 0, 0, 0, 0, 900, 100, 1),
(76070, 1620, 1, 3324.61, 707.718, 29.264, 0.849, 0, 0, 0, 0, 900, 100, 1),
(76071, 1620, 1, 3950.58, 185.257, 5.0954, 0.436332, 0, 0, 0.21644, 0.976296, 900, 100, 1),
(76072, 1620, 1, 1960.63, -1613, 67.356, 3.882, 0, 0, 0, 0, 900, 100, 1),
(76073, 1620, 1, 1692.51, -2603, 104.8, 3.864, 0, 0, 0, 0, 900, 100, 1),
(76074, 1620, 1, 1676.37, -2522, 94.92, 1.928, 0, 0, 0, 0, 900, 100, 1),
(76075, 1620, 1, 1784.76, -1819, 100.46, 0.245, 0, 0, 0, 0, 900, 100, 1),
(76076, 1620, 1, 2381.32, -1002, 103.01, 0.292, 0, 0, 0, 0, 900, 100, 1),
(76077, 1620, 1, 3287.95, 360.057, 5.06619, 2.607, 0, 0, 0, 0, 900, 100, 1),
(76078, 1620, 1, 3551.79, 742.54, 6.111, 5.47, 0, 0, 0, 0, 900, 100, 1),
(76079, 1620, 1, 2995.4, 498.002, 6.367, 2.695, 0, 0, 0, 0, 900, 100, 1),
(76080, 1620, 1, 3318.72, 712.367, 29.122, 0.087, 0, 0, 0, 0, 900, 100, 1),
(76081, 1620, 1, 3281.2, 380.381, 9.117, 2.813, 0, 0, 0, 0, 900, 100, 1),
(76082, 1620, 1, 3307.09, 349.556, 5.234, 2.872, 0, 0, 0, 0, 900, 100, 1),
(76083, 1620, 1, 3582.19, 722.858, 8.33015, 4.858, 0, 0, 0, 0, 900, 100, 1),
(76084, 1620, 1, 2835.26, -3052, 190.397, 0.742, 0, 0, 0, 0, 900, 100, 1),
(76085, 1620, 1, 1992.97, -2775, 133.178, 2.416, 0, 0, 0, 0, 900, 100, 1),
(76086, 1620, 1, 1898.46, -2718, 103.825, 3.722, 0, 0, 0, 0, 900, 100, 1),
(76087, 1620, 1, 1926.5, -664, 112.604, 4.161, 0, 0, 0, 0, 900, 100, 1),
(76088, 1620, 1, 2267.54, -1197, 82.973, 3.626, 0, 0, 0, 0, 900, 100, 1),
(76089, 1620, 1, 1927.62, -675, 115.594, 3.803, 0, 0, 0, 0, 900, 100, 1),
(76090, 1620, 1, 1908.9, -602, 118.255, 1.384, 0, 0, 0, 0, 900, 100, 1),
(76091, 1620, 1, 1928.24, -606, 112.244, 2.244, 0, 0, 0, 0, 900, 100, 1),
(76092, 1620, 1, 1917.83, -668, 113.089, 4.161, 0, 0, 0, 0, 900, 100, 1),
(76093, 1620, 1, 1989.72, -228, 94.619, 6.116, 0, 0, 0, 0, 900, 100, 1),
(76094, 1620, 1, 1964.03, -281, 111.584, 1.039, 0, 0, 0, 0, 900, 100, 1),
(76095, 1620, 1, 1967.46, -247, 107.627, 2.354, 0, 0, 0, 0, 900, 100, 1),
(76096, 1620, 1, 1988.93, -250, 99.14, 5.767, 0, 0, 0, 0, 900, 100, 1),
(76097, 1620, 1, 2199.53, -2209, 105.387, 5.362, 0, 0, 0, 0, 900, 100, 1),
(76098, 1620, 1, 1398.94, -2367.47, 106.623, 3.68265, 0, 0, -0.96363, 0.267241, 900, 100, 1),
(76099, 1620, 1, 2844.07, -3095, 194.847, 4.599, 0, 0, 0, 0, 900, 100, 1),
(76100, 1620, 1, 2967.42, 483.501, 5.929, 3.199, 0, 0, 0, 0, 900, 100, 1),
(76101, 1620, 1, 1958.71, -2579, 81.716, 4.64, 0, 0, 0, 0, 900, 100, 1),
(76102, 1620, 1, 2979.01, 513.7, 4.962, 5.398, 0, 0, 0, 0, 900, 100, 1),
(76103, 1620, 1, 2291.89, -1892, 63.5913, 6.069, 0, 0, 0, 0, 900, 100, 1),
(76104, 1620, 1, 1947.8, -2762, 124.638, 5.255, 0, 0, 0, 0, 900, 100, 1),
(76105, 1620, 1, 3120.4, 397.705, 5.82121, 4.18879, 0, 0, -0.866025, 0.500001, 900, 100, 1),
(76106, 1620, 1, 2890.85, -3086, 202.719, 4.87, 0, 0, 0, 0, 900, 100, 1),
(76107, 1620, 1, 2802.61, -3058, 181.841, 1.084, 0, 0, 0, 0, 900, 100, 1),
(76108, 1621, 1, 1770.13, -2185, 95.0174, 3.478, 0, 0, 0, 0, 900, 100, 1),
(76109, 1621, 1, 3109.13, -309, 123.843, 3.859, 0, 0, 0, 0, 900, 100, 1),
(76110, 1621, 1, 3938.08, 665.503, 8.083, 5.407, 0, 0, 0, 0, 900, 100, 1),
(76111, 1621, 1, 1609.64, -2450, 100.32, 6.258, 0, 0, 0, 0, 900, 100, 1),
(76112, 1621, 1, 1747.81, -2069, 103.01, 1.392, 0, 0, 0, 0, 900, 100, 1),
(76113, 1621, 1, 2783.33, -781, 155.082, 1.193, 0, 0, 0, 0, 900, 100, 1),
(76114, 1621, 1, 3456.74, -1559.22, 167.591, 5.49779, 0, 0, -0.382683, 0.92388, 900, 100, 1),
(76115, 1621, 1, 1782.37, -2088, 101.229, 2.788, 0, 0, 0, 0, 900, 100, 1),
(76116, 1621, 1, 2726.61, -3098, 168.818, 0.305, 0, 0, 0, 0, 900, 100, 1),
(76117, 1621, 1, 2040.69, -3515, 83.982, 3.892, 0, 0, 0, 0, 900, 100, 1),
(76118, 1621, 1, 2947.48, -1781, 180.986, 1.995, 0, 0, 0, 0, 900, 100, 1),
(76119, 1621, 1, 2068.7, -1589, 70.009, 5.233, 0, 0, 0, 0, 900, 100, 1),
(76120, 1621, 1, 2868.01, -3000, 200.057, 1.505, 0, 0, 0, 0, 900, 100, 1),
(76121, 1621, 1, 2436.31, -3140, 125.667, 6.162, 0, 0, 0, 0, 900, 100, 1),
(76122, 1621, 1, 2597.75, -2667, 140.579, 2.846, 0, 0, 0, 0, 900, 100, 1),
(76123, 1621, 1, 3181.63, -412, 144.168, 0.049, 0, 0, 0, 0, 900, 100, 1),
(76124, 1621, 1, 3453.07, -394, 139.323, 5.442, 0, 0, 0, 0, 900, 100, 1),
(76125, 1621, 1, 1988.68, -2050, 103.567, 0.538, 0, 0, 0, 0, 900, 100, 1),
(76126, 1621, 1, 1943.58, -2927, 99.698, 0.182, 0, 0, 0, 0, 900, 100, 1),
(76127, 1621, 1, 2798.91, -3336, 137.436, 6.15, 0, 0, 0, 0, 900, 100, 1),
(76128, 1621, 1, 2048.55, -2083.42, 126.551, 4.72984, 0, 0, -0.700909, 0.713251, 900, 100, 1),
(76129, 1621, 1, 3283.57, 394.278, 4.48735, 3.403, 0, 0, 0, 0, 900, 100, 1),
(76130, 1621, 1, 2951.06, -1749, 182.377, 2.248, 0, 0, 0, 0, 900, 100, 1),
(76131, 1621, 1, 1525.21, -2139.27, 89.3402, 0.820305, 0, 0, 0.398749, 0.91706, 900, 100, 1),
(76132, 1621, 1, 2185.2, -3013, 119.022, 1.484, 0, 0, 0, 0, 900, 100, 1),
(76133, 1621, 1, 2847.89, -608, 107.686, 4.833, 0, 0, 0, 0, 900, 100, 1),
(76134, 1621, 1, 3495.95, 99.197, 6.864, 0.077, 0, 0, 0, 0, 900, 100, 1),
(76135, 1621, 1, 2988.67, -903, 198.923, 1.772, 0, 0, 0, 0, 900, 100, 1),
(76136, 1621, 1, 2989.42, -105, 97.95, 0.067, 0, 0, 0, 0, 900, 100, 1),
(76137, 1621, 1, 1576.22, -2175, 93.093, 6.069, 0, 0, 0, 0, 900, 100, 1),
(76138, 1621, 1, 3204.89, -553, 153.865, 5.037, 0, 0, 0, 0, 900, 100, 1),
(76139, 1621, 1, 2821.34, -1047, 198.395, 4.803, 0, 0, 0, 0, 900, 100, 1),
(76140, 1621, 1, 4024.44, 212.787, 4.536, 2.023, 0, 0, 0, 0, 900, 100, 1),
(76141, 1621, 1, 2909.53, -1758.76, 203.044, 0.209439, 0, 0, 0.104528, 0.994522, 900, 100, 1),
(76142, 1621, 1, 2003.68, -2370, 89.753, 0.483, 0, 0, 0, 0, 900, 100, 1),
(76143, 1622, 1, 2688.04, -3632.16, 99.4288, 4.53786, 0, 0, -0.766044, 0.642789, 1800, 255, 1),
(76144, 1622, 1, 1606.97, -3060, 92.678, 1.905, 0, 0, 0, 0, 1800, 100, 1),
(76145, 1622, 1, 1864, -1763, 61.932, 5.365, 0, 0, 0, 0, 1800, 100, 1),
(76146, 1622, 1, 2667.04, -2100, 204.053, 2.098, 0, 0, 0, 0, 1800, 100, 1),
(76147, 1622, 1, 2962.14, -2704, 224.212, 6.052, 0, 0, 0, 0, 1800, 100, 1),
(76148, 1622, 1, 2779.74, -3035, 157.84, 3.86, 0, 0, 0, 0, 1800, 100, 1),
(76149, 1622, 1, 2821.68, 301.546, 92.671, 3.169, 0, 0, 0, 0, 1800, 100, 1),
(76150, 1622, 1, 1827.92, -2445, 85.9608, 2.294, 0, 0, 0, 0, 1800, 100, 1),
(76151, 1622, 1, 2785.83, 286.121, 76.4191, -2, 0, 0, -0.700909, 0.71325, 1800, 100, 1),
(76152, 1622, 1, 2898.35, -3049, 204.883, 6.099, 0, 0, 0, 0, 1800, 100, 1),
(76153, 1622, 1, 1903.63, -2421, 89.9324, 0.464, 0, 0, 0, 0, 1800, 100, 1),
(76154, 1622, 1, 2469.96, -1661, 149.331, 1.065, 0, 0, 0.507538, 0.861629, 1800, 100, 1),
(76155, 1622, 1, 3378.1, -466, 154.218, 6.205, 0, 0, 0, 0, 1800, 100, 1),
(76156, 1622, 1, 3212.49, -106, 106.068, 1.41, 0, 0, 0, 0, 1800, 100, 1),
(76157, 1622, 1, 1711.45, -3024, 133.591, 0.382, 0, 0, 0, 0, 1800, 100, 1),
(76158, 1622, 1, 1617.65, -2971, 181.102, 0.802, 0, 0, 0, 0, 1800, 100, 1),
(76159, 1622, 1, 1584.57, -2861, 184.737, 4.454, 0, 0, 0, 0, 1800, 100, 1),
(76160, 1622, 1, 1593.34, -2911, 182.441, 0.126, 0, 0, 0, 0, 1800, 100, 1),
(76161, 1622, 1, 2087.19, -2682, 104.528, 2.149, 0, 0, 0, 0, 1800, 100, 1),
(76162, 1622, 1, 1684.62, -1847, 110.363, 0.009, 0, 0, 0, 0, 1800, 100, 1),
(76163, 1622, 1, 1873.6, -2242, 120.965, 6.001, 0, 0, 0, 0, 1800, 100, 1),
(76164, 1622, 1, 1673.26, -1613, 109.69, 4.583, 0, 0, 0, 0, 1800, 100, 1),
(76165, 1622, 1, 1833.71, -2317, 131.265, 3.089, 0, 0, 0.999657, 0.026177, 1800, 100, 1),
(76166, 1622, 1, 2951.11, -49.1315, 102.306, 4.08407, 0, 0, -0.891006, 0.453991, 1800, 100, 1),
(76167, 1622, 1, 2924.85, -3426, 131.624, 1.453, 0, 0, 0, 0, 1800, 100, 1),
(76168, 1622, 1, 3848.68, -147, 2.988, 1.276, 0, 0, 0, 0, 1800, 100, 1),
(76169, 1622, 1, 3476.04, -105, 3.024, 3.774, 0, 0, 0, 0, 1800, 100, 1),
(76170, 1622, 1, 3545.25, 442.698, 3.686, 1.975, 0, 0, 0, 0, 1800, 100, 1),
(76171, 1622, 1, 1568.48, -3368, 143.117, 4.171, 0, 0, 0, 0, 1800, 100, 1),
(76172, 1622, 1, 1702.13, -3171, 99.016, 4.23, 0, 0, 0, 0, 1800, 100, 1),
(76173, 1622, 1, 2831.35, -2966, 165.781, 0.589, 0, 0, 0, 0, 1800, 100, 1),
(76174, 1622, 1, 1833.41, -2641, 95.743, 3.9, 0, 0, 0, 0, 1800, 100, 1),
(76175, 1622, 1, 2479.17, -1666, 138.583, 2.84, 0, 0, 0, 0, 1800, 100, 1),
(76176, 1622, 1, 2818.36, -2901, 168.474, 1.771, 0, 0, 0, 0, 1800, 100, 1),
(76177, 1622, 1, 2239.26, -1610, 86.79, 0.935, 0, 0, 0, 0, 1800, 100, 1),
(76178, 1622, 1, 1899.04, -1701, 54.479, 1.493, 0, 0, 0, 0, 1800, 100, 1),
(76179, 1622, 1, 2236.68, -1563, 87.338, 1.595, 0, 0, 0, 0, 1800, 100, 1),
(76180, 1622, 1, 2947.93, -2724, 217.033, 5.046, 0, 0, 0, 0, 1800, 100, 1),
(76181, 1622, 1, 3956.29, 581.321, 20.324, 2.937, 0, 0, 0, 0, 1800, 100, 1),
(76182, 1622, 1, 4018.17, 565.513, 28.261, 6.118, 0, 0, 0, 0, 1800, 100, 1),
(76183, 1622, 1, 3334.32, -495, 154.681, 2.688, 0, 0, 0.97437, 0.224951, 1800, 100, 1),
(76184, 1622, 1, 2643.65, -2110, 201.677, 3.641, 0, 0, 0, 0, 1800, 100, 1),
(76185, 1622, 1, 2545.1, -2192, 197.621, 3.935, 0, 0, 0, 0, 1800, 100, 1),
(76186, 1622, 1, 2477.1, -2139, 202.718, 2.875, 0, 0, 0, 0, 1800, 100, 1),
(76187, 1622, 1, 3687.24, 889.949, 1.544, 1.583, 0, 0, 0, 0, 1800, 100, 1),
(76188, 1622, 1, 3732.95, 939.125, 0.239, 5.851, 0, 0, 0, 0, 1800, 100, 1),
(76189, 1622, 1, 3625.51, 934.443, 0.259, 6.079, 0, 0, 0, 0, 1800, 100, 1),
(76190, 1622, 1, 3457.25, 811.304, 15.878, 4.324, 0, 0, 0, 0, 1800, 100, 1),
(76191, 1622, 1, 3656.03, 932.682, 6.13, 0.094, 0, 0, 0, 0, 1800, 100, 1),
(76192, 1622, 1, 1546.08, -2924, 183.847, 4.646, 0, 0, 0, 0, 1800, 100, 1),
(76193, 1622, 1, 1684.58, -3371, 143.967, 0.346, 0, 0, 0, 0, 1800, 100, 1),
(76194, 1622, 1, 1627.87, -3377, 143.041, 3.256, 0, 0, 0, 0, 1800, 100, 1),
(76195, 1622, 1, 2316.09, -1870, 70.713, 0.605, 0, 0, 0, 0, 1800, 100, 1),
(76196, 1622, 1, 3030.35, 603.606, 8.55, 1.987, 0, 0, 0, 0, 1800, 100, 1),
(76197, 1622, 1, 2206.04, -1636.15, 92.0891, -0.575959, 0, 0, 0.284015, -0.95882, 1800, 100, 1),
(76198, 1622, 1, 1593.49, -3325, 143.963, 2.671, 0, 0, 0, 0, 1800, 100, 1),
(76199, 1622, 1, 2298.09, -2836, 138.998, 2.745, 0, 0, 0, 0, 1800, 100, 1),
(76200, 1622, 1, 2691.73, -2914, 150.752, 3.389, 0, 0, 0, 0, 1800, 100, 1),
(76201, 1622, 1, 2691.5, -2952, 142.466, 4.681, 0, 0, 0, 0, 1800, 100, 1),
(76202, 1622, 1, 2624.04, -3613, 106.707, 3.032, 0, 0, 0, 0, 1800, 100, 1),
(76203, 1622, 1, 2334.13, -3499, 45.972, 1.21, 0, 0, 0, 0, 1800, 100, 1),
(76204, 1622, 1, 2891.42, -3010, 202.019, 6.087, 0, 0, 0, 0, 1800, 100, 1),
(76205, 1623, 1, 2893.93, 831.055, 130.238, 3.333, 0, 0, 0, 0, 1800, 100, 1),
(76206, 1623, 1, 2095.36, -2128, 137.007, 3.815, 0, 0, 0, 0, 1800, 100, 1),
(76207, 1623, 1, 2437.48, -2505, 197.419, -3, 0, 0, -0.999657, 0.026177, 1800, 100, 1),
(76208, 1623, 1, 3223.68, -1207, 235.617, 4.996, 0, 0, 0, 0, 1800, 100, 1),
(76209, 1623, 1, 3023.06, -1086, 263.434, 1.811, 0, 0, 0, 0, 1800, 100, 1),
(76210, 1623, 1, 3560.01, -1415, 202.035, 1.211, 0, 0, 0, 0, 1800, 100, 1),
(76211, 1623, 1, 1707.59, -3394, 145.065, 4.805, 0, 0, 0, 0, 1800, 100, 1),
(76212, 1623, 1, 3145.7, -713, 191.2, 5.587, 0, 0, 0, 0, 1800, 100, 1),
(76213, 1623, 1, 3448.8, -1736, 211.087, 4.384, 0, 0, 0, 0, 1800, 100, 1),
(76214, 1623, 1, 2963.07, -2878, 244.66, 5.809, 0, 0, 0, 0, 1800, 100, 1),
(76215, 1623, 1, 3517.52, -501, 187.74, 5.858, 0, 0, 0, 0, 1800, 100, 1),
(76216, 1623, 1, 3521.44, -1392, 192.939, 1.276, 0, 0, 0, 0, 1800, 100, 1),
(76217, 1623, 1, 3179.57, -702, 197.081, 0.905, 0, 0, 0, 0, 1800, 100, 1),
(76218, 1623, 1, 1741, -3043, 141.266, 1.608, 0, 0, 0, 0, 1800, 100, 1),
(76219, 1624, 1, 3492.66, 33.213, 2.148, -1, 0, 0, -0.25038, 0.968148, 1800, 100, 1),
(76220, 1624, 1, 3760.23, -74, 0, -1, 0, 0, -0.507538, 0.861629, 1800, 100, 1),
(76221, 1624, 1, 2918.35, -3461.84, 120.189, 4.90438, 0, 0, -0.636078, 0.771625, 1800, 100, 1),
(76222, 1624, 1, 2080.19, -2744.77, 108.548, 3.03684, 0, 0, 0.998629, 0.0523532, 1800, 100, 1),
(76223, 2041, 1, 2599.92, -2837.02, 163.409, 1.71042, 0, 0, 0.754709, 0.656059, 1800, 100, 1),
(76224, 2041, 1, 2239.33, -2190.92, 100.649, 1.11701, 0, 0, 0.529919, 0.848048, 1800, 100, 1),
(76225, 2041, 1, 1476.45, -2163.62, 87.262, 5.13127, 0, 0, -0.544639, 0.838671, 1800, 100, 1),
(76226, 1624, 1, 3152.67, -1811.98, 175.534, 6.21337, 0, 0, -0.0348988, 0.999391, 1800, 255, 1),
(76227, 1621, 1, 2084.18, -3418.2, 92.7692, 5.88176, 0, 0, -0.199368, 0.979925, 300, 100, 1),
(76228, 1621, 1, 2841.6, -3415.37, 120.457, 0.575957, 0, 0, 0.284015, 0.95882, 300, 100, 1),
(76229, 1621, 1, 3302.76, -1428.81, 175.2, 3.49067, 0, 0, -0.984807, 0.173652, 300, 100, 1),
(76230, 1621, 1, 2163.18, -3106.93, 110.897, 0.104719, 0, 0, 0.0523357, 0.99863, 300, 100, 1),
(76231, 1621, 1, 2118.77, -513.479, 110.082, 0.663223, 0, 0, 0.325567, 0.945519, 300, 100, 1),
(76232, 1621, 1, 1942.23, -588.895, 112.46, 2.42601, 0, 0, 0.936672, 0.350207, 300, 100, 1),
(76233, 1621, 1, 1478.53, -2418.84, 105.17, 1.39626, 0, 0, 0.642787, 0.766045, 300, 100, 1),
(76234, 1621, 1, 2072.23, -909.099, 106.51, 0.785397, 0, 0, 0.382683, 0.92388, 300, 100, 1),
(76235, 1622, 1, 2922.28, -3496.77, 116.395, 1.309, 0, 0, 0.608761, 0.793354, 300, 100, 1),
(76236, 1622, 1, 2038.86, -2776.85, 125.449, 4.34587, 0, 0, -0.824126, 0.566406, 300, 100, 1),
(76237, 1622, 1, 3459.65, 826.669, 6.31089, 0.122173, 0, 0, 0.0610485, 0.998135, 300, 100, 1),
(76238, 1622, 1, 3714.13, 901.109, 0.967006, 0.575957, 0, 0, 0.284015, 0.95882, 300, 100, 1),
(76239, 1622, 1, 1947.19, -1507.37, 76.0937, 1.29154, 0, 0, 0.601814, 0.798636, 300, 100, 1),
(76240, 1622, 1, 3635.83, 935.257, 3.26611, 5.51524, 0, 0, -0.374606, 0.927184, 300, 100, 1),
(76241, 1622, 1, 2536.5, -2189.83, 198.977, 1.29154, 0, 0, 0.601814, 0.798636, 300, 100, 1),
(76242, 1622, 1, 1603.09, -3015.52, 102.267, 1.44862, 0, 0, 0.66262, 0.748956, 300, 100, 1),
(76243, 1622, 1, 2231.59, -1551.59, 93.0479, 0.645772, 0, 0, 0.317305, 0.948324, 300, 100, 1),
(76244, 142140, 1, 2928.65, -2809, 213.12, 4.242, 0, 0, 0, 0, 2700, 100, 1),
(76245, 142140, 1, 3473.65, 278.01, 11.355, 0.182, 0, 0, 0, 0, 2700, 100, 1),
(76246, 142140, 1, 2972.96, -62, 98.628, 0, 0, 0, -0.241922, 0.970296, 2700, 100, 1),
(76247, 142140, 1, 3978.14, 857.464, 0.818, 3.67, 0, 0, 0, 0, 2700, 100, 1),
(76248, 142140, 1, 2930.06, -56, 107.536, 1.239, 0, 0, 0, 0, 2700, 100, 1),
(76249, 142140, 1, 3211.18, -269, 127.705, 3.344, 0, 0, 0, 0, 2700, 100, 1),
(76250, 142140, 1, 2754.37, -3027, 151.703, 4.581, 0, 0, 0, 0, 2700, 100, 1),
(76251, 142140, 1, 3676.34, 810.223, 6.04557, 4.31097, 0, 0, -0.833885, 0.551938, 2700, 100, 1),
(76252, 142140, 1, 2484.83, -1942, 175.906, 5.551, 0, 0, 0, 0, 2700, 100, 1),
(76253, 142145, 1, 2011.85, -2966, 109.821, 0.87, 0, 0, 0, 0, 300, 100, 1),
(76254, 142145, 1, 1970.67, -3204, 99.526, 5.225, 0, 0, 0, 0, 300, 100, 1),
(76255, 142145, 1, 1635, -3108, 89.512, 3.513, 0, 0, 0, 0, 300, 100, 1),
(76256, 142145, 1, 1662.91, -3360, 143.092, 5.688, 0, 0, 0, 0, 300, 100, 1),
(76257, 142145, 1, 2142.38, -2982.28, 115.142, -1.11701, 0, 0, 0.529919, -0.848048, 300, 100, 1),
(76258, 142145, 1, 1696.56, -3145, 91.569, 4.22, 0, 0, 0, 0, 300, 100, 1),
(76259, 142145, 1, 2183.22, -3046, 123.876, 3.595, 0, 0, 0, 0, 300, 100, 1),
(76260, 142145, 1, 2049.3, -3138.72, 102.235, 1.91986, 0, 0, 0.819152, 0.573577, 300, 100, 1),
(76261, 142145, 1, 1953.24, -3148.67, 100.534, 3.927, 0, 0, -0.923879, 0.382686, 300, 100, 1),
(76262, 142145, 1, 1664.29, -3257.31, 144.601, 2.04204, 0, 0, 0.85264, 0.522499, 300, 100, 1),
(76263, 1624, 1, 3094.44, -1596.81, 188.203, 2.82743, 0, 0, 0.987688, 0.156436, 300, 100, 1),
(76264, 1624, 1, 3013.79, -1848.96, 170.763, 1.98967, 0, 0, 0.83867, 0.54464, 300, 100, 1),
(76265, 1624, 1, 4030.25, 164.387, 4.05102, 0.244346, 0, 0, 0.121869, 0.992546, 300, 100, 1),
(76266, 1620, 1, 2617.3, -36.7333, 90.8484, 0.698131, 0, 0, 0.34202, 0.939693, 300, 100, 1),
(76267, 1620, 1, 1876.14, -1721.68, 55.5824, 3.08918, 0, 0, 0.999657, 0.0262016, 300, 100, 1),
(76268, 1620, 1, 3468.23, 698.412, 5.72655, 6.07375, 0, 0, -0.104528, 0.994522, 300, 100, 1),
(76269, 142140, 1, 4167.73, 1054.79, 3.75733, 4.11898, 0, 0, -0.882947, 0.469473, 300, 100, 1),
(76270, 142140, 1, 2881.48, -2757.06, 211.224, 4.88692, 0, 0, -0.642787, 0.766045, 300, 100, 1),
(76271, 1623, 1, 1712.75, -3379.23, 149.919, 0.279252, 0, 0, 0.139173, 0.990268, 300, 100, 1),
(76272, 2041, 1, 2320.24, -2332.16, 112.906, 0.733038, 0, 0, 0.358368, 0.93358, 300, 100, 1),
(76273, 2041, 1, 2506.59, -2342.51, 144.172, 0.0698117, 0, 0, 0.0348988, 0.999391, 300, 100, 1),
(76274, 1622, 1, 3705.17, 815.295, 6.18831, -2.46091, 0, 0, 0.942641, -0.333807, 1800, 100, 1),
(76275, 1621, 1, 3584.87, 642.443, 12.888, 0.139626, 0, 0, 0.069756, 0.997564, 900, 100, 1),
(76276, 142140, 1, 3472.97, 426.689, -1.17177, -2.89725, 0, 0, 0.992546, -0.121869, 2700, 100, 1),
(76277, 1621, 1, 2962.99, 385.299, 91.82, -0.645772, 0, 0, 0.317305, -0.948324, 900, 100, 1),
(76278, 1620, 1, 2871.51, 353.335, 91.6667, 1.25664, 0, 0, 0.587785, 0.809017, 900, 100, 1),
(76279, 1622, 1, 1638.67, -1843.24, 120.203, 3.12414, 0, 0, 0.999962, 0.008727, 1800, 100, 1),
(76280, 1621, 1, 1426.8, -1952.5, 99.9765, 0.558505, 0, 0, 0.275637, 0.961262, 900, 100, 1),
(76281, 1621, 1, 2487.97, -3658.66, 54.2921, -1.69297, 0, 0, 0.748956, -0.66262, 900, 100, 1),
(76282, 1620, 1, 2756.46, -3094.9, 163.366, -1.62316, 0, 0, 0.725374, -0.688354, 900, 100, 1),
(76283, 142140, 1, 2774.76, -2983.14, 147.94, 2.6529, 0, 0, 0.970296, 0.241922, 2700, 100, 1),
(76284, 1622, 1, 2708.76, -3015.53, 143.975, 3.01942, 0, 0, 0.998135, 0.061049, 1800, 100, 1),
(76285, 1624, 1, 2301.97, -3024.32, 125.214, 2.40855, 0, 0, 0.93358, 0.358368, 1800, 100, 1),
(76286, 1621, 1, 2200.46, -2983.75, 121.052, 2.00713, 0, 0, 0.843391, 0.5373, 900, 100, 1),
(76287, 2041, 1, 2204.97, -3003.51, 114.69, 1.76278, 0, 0, 0.771625, 0.636078, 1800, 100, 1),
(76288, 1624, 1, 1977.47, -3053.46, 107.193, 1.36136, 0, 0, 0.62932, 0.777146, 1800, 100, 1),
(76289, 1620, 1, 2376.63, -940.836, 99.4775, 2.04204, 0, 0, 0.85264, 0.522499, 900, 100, 1),
(76290, 1624, 1, 3343.28, 388.38, 3.15747, 1.81514, 0, 0, 0.788011, 0.615662, 1800, 100, 1),
(76291, 1620, 1, 3370.7, 434.525, 5.09357, -3.05433, 0, 0, 0.999048, -0.043619, 900, 100, 1),
(76292, 1621, 1, 3920.32, 622.906, 9.86391, -0.820305, 0, 0, 0.398749, -0.91706, 900, 100, 1),
(76293, 1624, 1, 2111.2, -3017.49, 111.796, 4.25861, 0, 0, -0.848047, 0.529921, 300, 100, 1),
(76294, 1624, 1, 2192.14, -972.788, 94.6969, 2.51327, 0, 0, 0.951056, 0.309017, 300, 100, 1),
(76295, 1624, 1, 2132.78, -2968.13, 114.307, 5.42797, 0, 0, -0.414693, 0.909961, 300, 100, 1),
(76296, 2041, 1, 1920.16, -2939.41, 94.9626, 1.18682, 0, 0, 0.559193, 0.829038, 300, 100, 1),
(76297, 2041, 1, 2066.76, -1994.64, 94.9482, -2.30383, 0, 0, 0.913545, -0.406737, 1800, 100, 1),
(76298, 2041, 1, 1848.97, -1927.76, 94.8288, 4.5204, 0, 0, -0.771625, 0.636078, 300, 100, 1),
(76299, 2041, 1, 1767.24, -1808.65, 94.5485, 3.73501, 0, 0, -0.956305, 0.292372, 300, 100, 1),
(76300, 1624, 1, 3516.21, 737.909, 6.25968, -1.46608, 0, 0, 0.669131, -0.743145, 1800, 100, 1),
(76301, 142140, 1, 2510.14, -2177.29, 200.129, -1.81514, 0, 0, 0.788011, -0.615661, 2700, 100, 1),
(76302, 142140, 1, 3040.38, 521.228, 4.26367, 1.76278, 0, 0, 0.771625, 0.636078, 2700, 100, 1),
(76303, 142140, 1, 3202.19, -270.55, 122.384, 0.855211, 0, 0, 0.414693, 0.909961, 2700, 100, 1),
(76304, 142145, 1, 1704.39, -3483.99, 143.631, 0.069813, 0, 0, 0.034899, 0.999391, 300, 100, 1),
(76305, 1620, 1, 2227.15, -2295.62, 104.684, 2.02458, 0, 0, 0.848047, 0.529921, 900, 100, 1),
(76306, 1620, 1, 2208.3, -3540.27, 45.3542, -2.75762, 0, 0, 0.981627, -0.190809, 900, 100, 1),
(76307, 1620, 1, 1733.49, -2400.11, 104.377, -2.61799, 0, 0, 0.965926, -0.258819, 900, 100, 1),
(76308, 1620, 1, 3290.33, 727.878, 5.54646, -0.122173, 0, 0, 0.061049, -0.998135, 900, 100, 1),
(76309, 1620, 1, 2874.86, 39.6865, 94.6254, -2.80998, 0, 0, 0.986286, -0.165048, 900, 100, 1),
(76310, 1620, 1, 2370.87, -1151.9, 91.3531, -1.27409, 0, 0, 0.594823, -0.803857, 900, 100, 1),
(76311, 1621, 1, 2969.16, -652.813, 183.575, 0.314159, 0, 0, 0.156434, 0.987688, 900, 100, 1),
(76312, 1621, 1, 2951.55, -385.627, 107.113, 1.11701, 0, 0, 0.529919, 0.848048, 900, 100, 1),
(76313, 1621, 1, 2330.45, -3540.44, 46.882, -1.78024, 0, 0, 0.777146, -0.62932, 900, 100, 1),
(76314, 1621, 1, 3462.15, -388.731, 138.997, 0.10472, 0, 0, 0.052336, 0.99863, 900, 100, 1),
(76315, 1621, 1, 1756.45, -2200.29, 97.3291, 0.680678, 0, 0, 0.333807, 0.942641, 900, 100, 1),
(76316, 1621, 1, 2925.56, -2564.63, 224.48, -2.58309, 0, 0, 0.961262, -0.275637, 900, 100, 1),
(76317, 1622, 1, 2322.27, -2893.05, 143.599, 0.488692, 0, 0, 0.241922, 0.970296, 1800, 100, 1),
(76318, 1622, 1, 2381.54, -3624.82, 47.4074, -2.21657, 0, 0, 0.894934, -0.446198, 1800, 100, 1),
(76319, 1622, 1, 1662.67, -1584.32, 133.698, -0.977384, 0, 0, 0.469472, -0.882948, 1800, 100, 1),
(76320, 1622, 1, 2596.9, -2138.99, 194.331, -0.541052, 0, 0, 0.267238, -0.96363, 1800, 100, 1),
(76321, 1622, 1, 1830.78, -2460.02, 82.1986, -1.15192, 0, 0, 0.544639, -0.838671, 1800, 100, 1),
(76322, 1622, 1, 4020.98, 584.064, 34.1959, 1.64061, 0, 0, 0.731354, 0.681998, 1800, 100, 1),
(76323, 1622, 1, 4068.27, 767.957, 5.82233, 1.16937, 0, 0, 0.551937, 0.833886, 1800, 100, 1),
(76324, 1622, 1, 3469.56, 402.485, 0.028288, -2.67035, 0, 0, 0.97237, -0.233445, 1800, 100, 1),
(76325, 1623, 1, 2900.9, 832.995, 129.443, 2.63545, 0, 0, 0.968148, 0.25038, 1800, 100, 1),
(76326, 1623, 1, 2440.16, -2515.09, 201.35, -3.08923, 0, 0, 0.999657, -0.026177, 1800, 100, 1),
(76327, 1623, 1, 3048.61, -1017.87, 217.139, 1.93731, 0, 0, 0.824126, 0.566406, 1800, 100, 1),
(76328, 1623, 1, 1583.23, -3169.4, 148.526, -3.07178, 0, 0, 0.999391, -0.034899, 1800, 100, 1),
(76329, 1624, 1, 3148.13, -189.295, 110.024, -2.09439, 0, 0, 0.866025, -0.5, 1800, 100, 1),
(76330, 1624, 1, 2044.28, -3400.71, 92.2414, 0.855211, 0, 0, 0.414693, 0.909961, 1800, 100, 1),
(76331, 1624, 1, 3380.83, 613.615, 5.51402, -1.0472, 0, 0, 0.5, -0.866025, 1800, 100, 1),
(76332, 1624, 1, 3296.87, -451.888, 150.117, 1.85005, 0, 0, 0.798636, 0.601815, 1800, 100, 1),
(76333, 1624, 1, 2727.56, -2248.54, 198.688, 0.244346, 0, 0, 0.121869, 0.992546, 1800, 100, 1),
(76334, 1624, 1, 2583.45, -1983.67, 146.993, -3.00197, 0, 0, 0.997564, -0.069756, 1800, 100, 1),
(76335, 1624, 1, 1864.23, -2486.41, 70.0121, -2.42601, 0, 0, 0.936672, -0.350207, 1800, 100, 1),
(76336, 1624, 1, 3378.6, -1651.11, 168.239, -0.10472, 0, 0, 0.052336, -0.99863, 1800, 100, 1),
(76337, 1624, 1, 3357.22, 592.805, 3.73639, 0.523598, 0, 0, 0.258819, 0.965926, 300, 100, 1),
(76338, 1624, 1, 2849.34, -1983.63, 163.306, 3.57793, 0, 0, -0.976295, 0.216442, 300, 100, 1),
(76339, 1624, 1, 2552.5, -1973.38, 143.599, 2.33874, 0, 0, 0.920505, 0.390732, 300, 100, 1),
(76340, 1624, 1, 2852.96, -785.46, 156.364, 4.81711, 0, 0, -0.66913, 0.743145, 300, 100, 1),
(76341, 1624, 1, 2309.54, -944.396, 88.0331, 0.59341, 0, 0, 0.292371, 0.956305, 300, 100, 1),
(76342, 1624, 1, 2857.16, -2521.59, 220.353, 3.57793, 0, 0, -0.976295, 0.216442, 300, 100, 1),
(76343, 1624, 1, 3178.81, 657.709, 2.36676, 1.43117, 0, 0, 0.656058, 0.75471, 300, 100, 1),
(76344, 1620, 1, 2525.04, -3616.79, 58.6529, 0.925024, 0, 0, 0.446198, 0.894935, 300, 100, 1),
(76345, 2041, 1, 2710.84, -2596, 183.061, 3.07178, 0, 0, 0.999391, 0.034899, 1800, 100, 1),
(76346, 2041, 1, 2279.49, -2866.66, 132.498, 1.0472, 0, 0, 0.5, 0.866025, 1800, 100, 1),
(76347, 2041, 1, 2228.53, -2814.08, 123.788, 0.366519, 0, 0, 0.182236, 0.983255, 1800, 100, 1),
(76348, 2041, 1, 2367.22, -3630.9, 38.5453, 0.820305, 0, 0, 0.398749, 0.91706, 1800, 100, 1),
(76349, 2041, 1, 2144.38, -2088.34, 98.7159, 2.30383, 0, 0, 0.913545, 0.406737, 1800, 100, 1),
(76350, 2041, 1, 1831.38, -2845.16, 95.0956, 3.87463, 0, 0, -0.93358, 0.358368, 300, 100, 1),
(76351, 2041, 1, 2203.34, -3562.25, 39.4123, 4.64258, 0, 0, -0.731354, 0.681998, 300, 100, 1),
(76352, 2041, 1, 2103.75, -2889.68, 106.928, 2.89725, 0, 0, 0.992546, 0.12187, 300, 100, 1),
(76353, 2041, 1, 1958.71, -2854.11, 95.1145, 1.69297, 0, 0, 0.748956, 0.66262, 300, 100, 1);
