-- Stranglekelp (2045)
DELETE FROM `gameobject` WHERE `guid` IN (8216,8217,8218,8219,8220,8221,8222,8223,8224,8225,8226,8227,8228,8229,8230,8231,8232,8233,8234,8235,8236,8237,8238,8239,8240,8241,8242,8243,8244,8245,8246,8247,8248,8249,8250,8251,8252,8253,8254,8255,8256,8257,8258,8259,8260,8261,8262,8263,8264,8265,8266,8267,8268,8269,8270,8271,8272,8273,8274,8275,8276,8277,8278,8279,8280,8281,8282,8283,8284,8285,8286,8287,8288,8289,8290,8291,8292,8293,8294,8295,8296,8297,8298,8299,8300,8301,8302,8303,8304,8305,8306,8307,8308,8309,8310,8311,8312,8313,8314,8315,8316,8317,8318,8319,8320,8321,8322,8323,8324,8325,8326,8327,8328,8329,8330,8331,8332,8333,8334,8335,8336,8337,8338,8339,8340,8341,8342,8345,8346,8347,8348,8349,8350,8351,8352,8353,8354,8355,8356,8357,8358,8359,8360,8362,8363,8364,8365,8366,8367,8368,8369,8370,8371,8372,8373,8374,8375,8376,8377,8378,8379,8380,8381,8382,8383,8384,8385,8386,8387,8388,8389,8390,8391,8396,8397,8398,8399,8400,8401,8402,8403,8404,8405,8406,8407,8408,8409,8410,8412,8413,8414,8415,8416,8417,8418,8419,8420,8421,8422,8423,8424,8425,8426,8427,8428,8429,8430,8431,8432,8433,8434,8435,8436,8437,8438,8439,8440,8441,8442,8443,8444,8445,8446,8447,8448,8449,8450,8451,8452,8453,8454,8455,8456,8457,8458,8459,8460,8461,8462,8463,8464,8465,8466,8467,8468,8469,8470,8471,8474,8475,8476,8477,8478,8479,8480,8481,8482,8483,8484,8485,8486,8487,8488,8489,8490,8491,8492,8493,8494,8495,8496,8497,8498,8499,8500,8501,8502,8503,8504,8505,8506,8507,8508,8509,8510,8511,8512,8513,8514,8515,8516,8517,8518,8519,8520,8521,8522,8523,8525,8526,8527,8528,8530,8531,8532,8533,8534,8535,8536,8537,8538,8539,8540,8541,8542,8543,8544,8545,8546,8547,8548,8549,8550,8551,8552,8553,8554,8555,8556,8557,8558,8559,8560,8561,8562,8563,8564,8565,8566,8567,8568,8569,8570,8571,8572,8573,8574,8575,8576,8577,8578,8579,8580,8581,8582,8583,8584,8585,8586,8587,8588,8589,8590,8591,8592,8593,8594,8595,8596,8597,8598,8599,8600,8601,8602,8603,8604,8605,8606,8607,11144,11164,11641,11642,11646,11659,11660,11684,11722,11758,11759,11805,11817,12594,14570,14645,14651,14652,14863,14866,14867,14904,14907,14964,15126,15141,15754,15755,15756,15757,15758,15759,15761,15780,15781,15782,17492,17493,17494,17495,17496,21216,21249,21278,28518,29187,29195,29198,29199,29200,29201,29202,29203,29234,29235,29249,29252,29255,29257,29258,29259,29556,29559,29561,29563,30148,30150,30154,30162,30167,30173,30181,30608,30612,30645,30786,30881,30882,30883,30953,30987,30990,30991,30994,31018,31021,31042,31343,31348,31351,31354,31363,31381,32084,32086,32087,32115,32117,32173,32204,32505,32507,32508,32512,32552,32666,32676,32844,32846,32866,32884,33166,33526,34053,34106,34108,34151,34154,34291,34292,34293,34909,35010,35016,35351,35407,35430,35458,35499,35541,35551,39816,39820,42689,42690,42692,42740,42761,42764,42766,42767,45113,46247,46270,46278,46279,46419,48184,48185,48186,48187,48188,48189,48190,48191,48192,48481,48482,48483,48518,48520,48524,48542,48553,48645,48655,48798,50232,50233,50234,50235,64048,64049,64050,64051,64053,64054,64055,64056,64057,64058,64059,64060,64061,64062,64063,64064,64065,64066,64067,64069,64070,64071,65335,65336,65337,65338,65339,65340,65341,65342,65343,65344,65346,65347,65349,65350,65351,65352,65353,65354,65355,65357,65358,65359,65360,65361,65363,65364,65365,65366,65367,86869,86870,86871,86872,86873,86874,86875,86876,86877,86878,86879,86880,86881,86882,86883,86884,86885,86886,86887,86888,86889,86890,86891,86892,86893,86894,86895,86896,86897,86898,86899,86900,86901,86902,86903,86904,86905,86907,86909,86910,86911,86912,86913,86914,86915,86916,86917,86918,86919,86920,86923,86924,86925,86926,86927,86928,86929,86930,86932,86933,86934,86935,86936,86937,86938,86939,86940,86941,86942,86943,86946,86947,86948,86949,86950,86951,87006,87061,87062,87063,87357,87358,87359,87360,87361,87362,87364,87561,87562,87563,87564,87565,87566,87567,87568,87570,87572);

DELETE FROM `pool_gameobject` WHERE `pool_entry` IN (988,960,965,996,964,958,959,801,808,800,961,824,956,821,990,994,951,991,803,963) AND `guid` IN (8216,8217,8218,8219,8220,8221,8222,8223,8224,8225,8226,8227,8228,8229,8230,8231,8232,8233,8234,8235,8236,8237,8238,8239,8240,8241,8242,8243,8244,8245,8246,8247,8248,8249,8250,8251,8252,8253,8254,8255,8256,8257,8258,8259,8260,8261,8262,8263,8264,8265,8266,8267,8268,8269,8270,8271,8272,8273,8274,8275,8276,8277,8278,8279,8280,8281,8282,8283,8284,8285,8286,8287,8288,8289,8290,8291,8292,8293,8294,8295,8296,8297,8298,8299,8300,8301,8302,8303,8304,8305,8306,8307,8308,8309,8310,8311,8312,8313,8314,8315,8316,8317,8318,8319,8320,8321,8322,8323,8324,8325,8326,8327,8328,8329,8330,8331,8332,8333,8334,8335,8336,8337,8338,8339,8340,8341,8342,8345,8346,8347,8348,8349,8350,8351,8352,8353,8354,8355,8356,8357,8358,8359,8360,8362,8363,8364,8365,8366,8367,8368,8369,8370,8371,8372,8373,8374,8375,8376,8377,8378,8379,8380,8381,8382,8383,8384,8385,8386,8387,8388,8389,8390,8391,8396,8397,8398,8399,8400,8401,8402,8403,8404,8405,8406,8407,8408,8409,8410,8412,8413,8414,8415,8416,8417,8418,8419,8420,8421,8422,8423,8424,8425,8426,8427,8428,8429,8430,8431,8432,8433,8434,8435,8436,8437,8438,8439,8440,8441,8442,8443,8444,8445,8446,8447,8448,8449,8450,8451,8452,8453,8454,8455,8456,8457,8458,8459,8460,8461,8462,8463,8464,8465,8466,8467,8468,8469,8470,8471,8474,8475,8476,8477,8478,8479,8480,8481,8482,8483,8484,8485,8486,8487,8488,8489,8490,8491,8492,8493,8494,8495,8496,8497,8498,8499,8500,8501,8502,8503,8504,8505,8506,8507,8508,8509,8510,8511,8512,8513,8514,8515,8516,8517,8518,8519,8520,8521,8522,8523,8525,8526,8527,8528,8530,8531,8532,8533,8534,8535,8536,8537,8538,8539,8540,8541,8542,8543,8544,8545,8546,8547,8548,8549,8550,8551,8552,8553,8554,8555,8556,8557,8558,8559,8560,8561,8562,8563,8564,8565,8566,8567,8568,8569,8570,8571,8572,8573,8574,8575,8576,8577,8578,8579,8580,8581,8582,8583,8584,8585,8586,8587,8588,8589,8590,8591,8592,8593,8594,8595,8596,8597,8598,8599,8600,8601,8602,8603,8604,8605,8606,8607,11144,11164,11641,11642,11646,11659,11660,11684,11722,11758,11759,11805,11817,12594,14570,14645,14651,14652,14863,14866,14867,14904,14907,14964,15126,15141,15754,15755,15756,15757,15758,15759,15761,15780,15781,15782,17492,17493,17494,17495,17496,21216,21249,21278,28518,29187,29195,29198,29199,29200,29201,29202,29203,29234,29235,29249,29252,29255,29257,29258,29259,29556,29559,29561,29563,30148,30150,30154,30162,30167,30173,30181,30608,30612,30645,30786,30881,30882,30883,30953,30987,30990,30991,30994,31018,31021,31042,31343,31348,31351,31354,31363,31381,32084,32086,32087,32115,32117,32173,32204,32505,32507,32508,32512,32552,32666,32676,32844,32846,32866,32884,33166,33526,34053,34106,34108,34151,34154,34291,34292,34293,34909,35010,35016,35351,35407,35430,35458,35499,35541,35551,39816,39820,42689,42690,42692,42740,42761,42764,42766,42767,45113,46247,46270,46278,46279,46419,48184,48185,48186,48187,48188,48189,48190,48191,48192,48481,48482,48483,48518,48520,48524,48542,48553,48645,48655,48798,50232,50233,50234,50235,64048,64049,64050,64051,64053,64054,64055,64056,64057,64058,64059,64060,64061,64062,64063,64064,64065,64066,64067,64069,64070,64071,65335,65336,65337,65338,65339,65340,65341,65342,65343,65344,65346,65347,65349,65350,65351,65352,65353,65354,65355,65357,65358,65359,65360,65361,65363,65364,65365,65366,65367,86869,86870,86871,86872,86873,86874,86875,86876,86877,86878,86879,86880,86881,86882,86883,86884,86885,86886,86887,86888,86889,86890,86891,86892,86893,86894,86895,86896,86897,86898,86899,86900,86901,86902,86903,86904,86905,86907,86909,86910,86911,86912,86913,86914,86915,86916,86917,86918,86919,86920,86923,86924,86925,86926,86927,86928,86929,86930,86932,86933,86934,86935,86936,86937,86938,86939,86940,86941,86942,86943,86946,86947,86948,86949,86950,86951,87006,87061,87062,87063,87357,87358,87359,87360,87361,87362,87364,87561,87562,87563,87564,87565,87566,87567,87568,87570,87572);

-- Pools in Vmangos: (999,1000,1064,1065,1076,1122,1123,1145,1149,1171,1190,1321,1322,1323,43522);
DELETE FROM `pool_template` WHERE `entry` BETWEEN 505 AND 519;
INSERT INTO `pool_template` (`entry`, `max_limit`, `description`) VALUES
(505, 1, 'Stranglekelp in Alterac Mountains'),
(506, 1, 'Stranglekelp in Hinterlands'),
(507, 15, 'Stranglekelp in Barrens'),
(508, 5, 'Stranglekelp in Silverpine Forest'),
(509, 18, 'Stranglekelp in Ashenvale'),
(510, 6, 'Stranglekelp in Westfall'),
(511, 8, 'Stranglekelp in Hillsbrad Foothills'),
(512, 8, 'Stranglekelp in Desolace'),
(513, 10, 'Stranglekelp in Wetlands'),
(514, 19, 'Stranglekelp in Stranglethorn'),
(515, 9, 'Stranglekelp in Feralas'),
(516, 4, 'Stranglekelp in Azshara'),
(517, 16, 'Stranglekelp in Darkshore'),
(518, 3, 'Stranglekelp in Durotar'),
(519, 1, 'Stranglekelp in Dustwallow Marsh');

DELETE FROM `pool_gameobject` WHERE `guid` BETWEEN 78409 AND 79107;
INSERT INTO `pool_gameobject` (`guid`, `pool_entry`, `chance`, `description`) VALUES 
(78409, 505, 0, 'Stranglekelp'),
(78410, 511, 0, 'Stranglekelp'),
(78411, 511, 0, 'Stranglekelp'),
(78412, 514, 0, 'Stranglekelp'),
(78413, 511, 0, 'Stranglekelp'),
(78414, 511, 0, 'Stranglekelp'),
(78415, 511, 0, 'Stranglekelp'),
(78416, 511, 0, 'Stranglekelp'),
(78417, 506, 0, 'Stranglekelp'),
(78418, 506, 0, 'Stranglekelp'),
(78419, 514, 0, 'Stranglekelp'),
(78420, 506, 0, 'Stranglekelp'),
(78421, 506, 0, 'Stranglekelp'),
(78422, 511, 0, 'Stranglekelp'),
(78423, 506, 0, 'Stranglekelp'),
(78424, 508, 0, 'Stranglekelp'),
(78425, 511, 0, 'Stranglekelp'),
(78426, 511, 0, 'Stranglekelp'),
(78427, 511, 0, 'Stranglekelp'),
(78428, 511, 0, 'Stranglekelp'),
(78429, 511, 0, 'Stranglekelp'),
(78430, 511, 0, 'Stranglekelp'),
(78431, 511, 0, 'Stranglekelp'),
(78432, 511, 0, 'Stranglekelp'),
(78433, 511, 0, 'Stranglekelp'),
(78434, 511, 0, 'Stranglekelp'),
(78435, 514, 0, 'Stranglekelp'),
(78436, 514, 0, 'Stranglekelp'),
(78437, 514, 0, 'Stranglekelp'),
(78438, 514, 0, 'Stranglekelp'),
(78439, 513, 0, 'Stranglekelp'),
(78440, 511, 0, 'Stranglekelp'),
(78441, 517, 0, 'Stranglekelp'),
(78442, 507, 0, 'Stranglekelp'),
(78443, 507, 0, 'Stranglekelp'),
(78444, 507, 0, 'Stranglekelp'),
(78445, 507, 0, 'Stranglekelp'),
(78446, 507, 0, 'Stranglekelp'),
(78447, 507, 0, 'Stranglekelp'),
(78448, 514, 0, 'Stranglekelp'),
(78449, 509, 0, 'Stranglekelp'),
(78450, 509, 0, 'Stranglekelp'),
(78451, 509, 0, 'Stranglekelp'),
(78452, 515, 0, 'Stranglekelp'),
(78453, 515, 0, 'Stranglekelp'),
(78454, 509, 0, 'Stranglekelp'),
(78455, 517, 0, 'Stranglekelp'),
(78456, 515, 0, 'Stranglekelp'),
(78457, 511, 0, 'Stranglekelp'),
(78458, 509, 0, 'Stranglekelp'),
(78459, 507, 0, 'Stranglekelp'),
(78460, 507, 0, 'Stranglekelp'),
(78461, 518, 0, 'Stranglekelp'),
(78462, 507, 0, 'Stranglekelp'),
(78463, 517, 0, 'Stranglekelp'),
(78464, 517, 0, 'Stranglekelp'),
(78465, 517, 0, 'Stranglekelp'),
(78466, 517, 0, 'Stranglekelp'),
(78467, 511, 0, 'Stranglekelp'),
(78468, 517, 0, 'Stranglekelp'),
(78469, 509, 0, 'Stranglekelp'),
(78470, 515, 0, 'Stranglekelp'),
(78471, 517, 0, 'Stranglekelp'),
(78472, 511, 0, 'Stranglekelp'),
(78473, 511, 0, 'Stranglekelp'),
(78474, 515, 0, 'Stranglekelp'),
(78475, 517, 0, 'Stranglekelp'),
(78476, 517, 0, 'Stranglekelp'),
(78477, 512, 0, 'Stranglekelp'),
(78478, 509, 0, 'Stranglekelp'),
(78479, 509, 0, 'Stranglekelp'),
(78480, 509, 0, 'Stranglekelp'),
(78481, 518, 0, 'Stranglekelp'),
(78482, 512, 0, 'Stranglekelp'),
(78483, 512, 0, 'Stranglekelp'),
(78484, 517, 0, 'Stranglekelp'),
(78485, 515, 0, 'Stranglekelp'),
(78486, 509, 0, 'Stranglekelp'),
(78487, 515, 0, 'Stranglekelp'),
(78488, 515, 0, 'Stranglekelp'),
(78489, 517, 0, 'Stranglekelp'),
(78490, 509, 0, 'Stranglekelp'),
(78491, 517, 0, 'Stranglekelp'),
(78492, 508, 0, 'Stranglekelp'),
(78493, 509, 0, 'Stranglekelp'),
(78494, 509, 0, 'Stranglekelp'),
(78495, 512, 0, 'Stranglekelp'),
(78496, 509, 0, 'Stranglekelp'),
(78497, 509, 0, 'Stranglekelp'),
(78498, 516, 0, 'Stranglekelp'),
(78499, 516, 0, 'Stranglekelp'),
(78500, 514, 0, 'Stranglekelp'),
(78501, 509, 0, 'Stranglekelp'),
(78502, 507, 0, 'Stranglekelp'),
(78503, 507, 0, 'Stranglekelp'),
(78504, 507, 0, 'Stranglekelp'),
(78505, 507, 0, 'Stranglekelp'),
(78506, 507, 0, 'Stranglekelp'),
(78507, 509, 0, 'Stranglekelp'),
(78508, 509, 0, 'Stranglekelp'),
(78509, 509, 0, 'Stranglekelp'),
(78510, 509, 0, 'Stranglekelp'),
(78511, 507, 0, 'Stranglekelp'),
(78512, 517, 0, 'Stranglekelp'),
(78513, 517, 0, 'Stranglekelp'),
(78514, 514, 0, 'Stranglekelp'),
(78515, 514, 0, 'Stranglekelp'),
(78516, 507, 0, 'Stranglekelp'),
(78517, 507, 0, 'Stranglekelp'),
(78518, 507, 0, 'Stranglekelp'),
(78519, 514, 0, 'Stranglekelp'),
(78520, 514, 0, 'Stranglekelp'),
(78521, 513, 0, 'Stranglekelp'),
(78522, 517, 0, 'Stranglekelp'),
(78523, 516, 0, 'Stranglekelp'),
(78524, 514, 0, 'Stranglekelp'),
(78525, 517, 0, 'Stranglekelp'),
(78526, 511, 0, 'Stranglekelp'),
(78527, 514, 0, 'Stranglekelp'),
(78528, 514, 0, 'Stranglekelp'),
(78529, 514, 0, 'Stranglekelp'),
(78530, 514, 0, 'Stranglekelp'),
(78531, 514, 0, 'Stranglekelp'),
(78532, 509, 0, 'Stranglekelp'),
(78533, 509, 0, 'Stranglekelp'),
(78534, 509, 0, 'Stranglekelp'),
(78535, 509, 0, 'Stranglekelp'),
(78536, 509, 0, 'Stranglekelp'),
(78537, 518, 0, 'Stranglekelp'),
(78538, 515, 0, 'Stranglekelp'),
(78539, 511, 0, 'Stranglekelp'),
(78540, 509, 0, 'Stranglekelp'),
(78541, 509, 0, 'Stranglekelp'),
(78542, 509, 0, 'Stranglekelp'),
(78543, 509, 0, 'Stranglekelp'),
(78544, 513, 0, 'Stranglekelp'),
(78545, 512, 0, 'Stranglekelp'),
(78546, 509, 0, 'Stranglekelp'),
(78547, 509, 0, 'Stranglekelp'),
(78548, 509, 0, 'Stranglekelp'),
(78549, 517, 0, 'Stranglekelp'),
(78550, 517, 0, 'Stranglekelp'),
(78551, 517, 0, 'Stranglekelp'),
(78552, 517, 0, 'Stranglekelp'),
(78553, 517, 0, 'Stranglekelp'),
(78554, 509, 0, 'Stranglekelp'),
(78555, 515, 0, 'Stranglekelp'),
(78556, 515, 0, 'Stranglekelp'),
(78557, 512, 0, 'Stranglekelp'),
(78558, 511, 0, 'Stranglekelp'),
(78559, 507, 0, 'Stranglekelp'),
(78560, 507, 0, 'Stranglekelp'),
(78561, 507, 0, 'Stranglekelp'),
(78562, 509, 0, 'Stranglekelp'),
(78563, 511, 0, 'Stranglekelp'),
(78564, 511, 0, 'Stranglekelp'),
(78565, 509, 0, 'Stranglekelp'),
(78566, 512, 0, 'Stranglekelp'),
(78567, 509, 0, 'Stranglekelp'),
(78568, 509, 0, 'Stranglekelp'),
(78569, 517, 0, 'Stranglekelp'),
(78570, 515, 0, 'Stranglekelp'),
(78571, 512, 0, 'Stranglekelp'),
(78572, 508, 0, 'Stranglekelp'),
(78573, 511, 0, 'Stranglekelp'),
(78574, 507, 0, 'Stranglekelp'),
(78575, 517, 0, 'Stranglekelp'),
(78576, 517, 0, 'Stranglekelp'),
(78577, 516, 0, 'Stranglekelp'),
(78578, 511, 0, 'Stranglekelp'),
(78579, 509, 0, 'Stranglekelp'),
(78580, 517, 0, 'Stranglekelp'),
(78581, 517, 0, 'Stranglekelp'),
(78582, 517, 0, 'Stranglekelp'),
(78583, 514, 0, 'Stranglekelp'),
(78584, 509, 0, 'Stranglekelp'),
(78585, 509, 0, 'Stranglekelp'),
(78586, 517, 0, 'Stranglekelp'),
(78587, 517, 0, 'Stranglekelp'),
(78588, 517, 0, 'Stranglekelp'),
(78589, 517, 0, 'Stranglekelp'),
(78590, 515, 0, 'Stranglekelp'),
(78591, 507, 0, 'Stranglekelp'),
(78592, 507, 0, 'Stranglekelp'),
(78593, 517, 0, 'Stranglekelp'),
(78594, 511, 0, 'Stranglekelp'),
(78595, 511, 0, 'Stranglekelp'),
(78596, 517, 0, 'Stranglekelp'),
(78597, 517, 0, 'Stranglekelp'),
(78598, 517, 0, 'Stranglekelp'),
(78599, 517, 0, 'Stranglekelp'),
(78600, 511, 0, 'Stranglekelp'),
(78601, 512, 0, 'Stranglekelp'),
(78602, 512, 0, 'Stranglekelp'),
(78603, 514, 0, 'Stranglekelp'),
(78604, 509, 0, 'Stranglekelp'),
(78605, 509, 0, 'Stranglekelp'),
(78606, 512, 0, 'Stranglekelp'),
(78607, 516, 0, 'Stranglekelp'),
(78608, 508, 0, 'Stranglekelp'),
(78609, 508, 0, 'Stranglekelp'),
(78610, 509, 0, 'Stranglekelp'),
(78611, 509, 0, 'Stranglekelp'),
(78612, 518, 0, 'Stranglekelp'),
(78613, 509, 0, 'Stranglekelp'),
(78614, 509, 0, 'Stranglekelp'),
(78615, 509, 0, 'Stranglekelp'),
(78616, 509, 0, 'Stranglekelp'),
(78617, 509, 0, 'Stranglekelp'),
(78618, 509, 0, 'Stranglekelp'),
(78619, 517, 0, 'Stranglekelp'),
(78620, 517, 0, 'Stranglekelp'),
(78621, 511, 0, 'Stranglekelp'),
(78622, 514, 0, 'Stranglekelp'),
(78623, 507, 0, 'Stranglekelp'),
(78624, 507, 0, 'Stranglekelp'),
(78625, 517, 0, 'Stranglekelp'),
(78626, 517, 0, 'Stranglekelp'),
(78627, 517, 0, 'Stranglekelp'),
(78628, 517, 0, 'Stranglekelp'),
(78629, 514, 0, 'Stranglekelp'),
(78630, 517, 0, 'Stranglekelp'),
(78631, 509, 0, 'Stranglekelp'),
(78632, 517, 0, 'Stranglekelp'),
(78633, 517, 0, 'Stranglekelp'),
(78634, 517, 0, 'Stranglekelp'),
(78635, 509, 0, 'Stranglekelp'),
(78636, 509, 0, 'Stranglekelp'),
(78637, 509, 0, 'Stranglekelp'),
(78638, 516, 0, 'Stranglekelp'),
(78639, 515, 0, 'Stranglekelp'),
(78640, 517, 0, 'Stranglekelp'),
(78641, 507, 0, 'Stranglekelp'),
(78642, 509, 0, 'Stranglekelp'),
(78643, 508, 0, 'Stranglekelp'),
(78644, 512, 0, 'Stranglekelp'),
(78645, 507, 0, 'Stranglekelp'),
(78646, 517, 0, 'Stranglekelp'),
(78647, 509, 0, 'Stranglekelp'),
(78648, 509, 0, 'Stranglekelp'),
(78649, 507, 0, 'Stranglekelp'),
(78650, 515, 0, 'Stranglekelp'),
(78651, 515, 0, 'Stranglekelp'),
(78652, 517, 0, 'Stranglekelp'),
(78653, 517, 0, 'Stranglekelp'),
(78654, 507, 0, 'Stranglekelp'),
(78655, 507, 0, 'Stranglekelp'),
(78656, 507, 0, 'Stranglekelp'),
(78657, 507, 0, 'Stranglekelp'),
(78658, 507, 0, 'Stranglekelp'),
(78659, 509, 0, 'Stranglekelp'),
(78660, 509, 0, 'Stranglekelp'),
(78661, 509, 0, 'Stranglekelp'),
(78662, 511, 0, 'Stranglekelp'),
(78663, 507, 0, 'Stranglekelp'),
(78664, 509, 0, 'Stranglekelp'),
(78665, 517, 0, 'Stranglekelp'),
(78666, 509, 0, 'Stranglekelp'),
(78667, 514, 0, 'Stranglekelp'),
(78668, 509, 0, 'Stranglekelp'),
(78669, 517, 0, 'Stranglekelp'),
(78670, 509, 0, 'Stranglekelp'),
(78671, 509, 0, 'Stranglekelp'),
(78672, 509, 0, 'Stranglekelp'),
(78673, 509, 0, 'Stranglekelp'),
(78674, 509, 0, 'Stranglekelp'),
(78675, 509, 0, 'Stranglekelp'),
(78676, 509, 0, 'Stranglekelp'),
(78677, 517, 0, 'Stranglekelp'),
(78678, 509, 0, 'Stranglekelp'),
(78679, 514, 0, 'Stranglekelp'),
(78680, 517, 0, 'Stranglekelp'),
(78681, 517, 0, 'Stranglekelp'),
(78682, 509, 0, 'Stranglekelp'),
(78683, 509, 0, 'Stranglekelp'),
(78684, 509, 0, 'Stranglekelp'),
(78685, 509, 0, 'Stranglekelp'),
(78686, 509, 0, 'Stranglekelp'),
(78687, 509, 0, 'Stranglekelp'),
(78688, 509, 0, 'Stranglekelp'),
(78689, 509, 0, 'Stranglekelp'),
(78690, 517, 0, 'Stranglekelp'),
(78691, 517, 0, 'Stranglekelp'),
(78692, 517, 0, 'Stranglekelp'),
(78693, 509, 0, 'Stranglekelp'),
(78694, 512, 0, 'Stranglekelp'),
(78695, 507, 0, 'Stranglekelp'),
(78696, 507, 0, 'Stranglekelp'),
(78697, 509, 0, 'Stranglekelp'),
(78698, 507, 0, 'Stranglekelp'),
(78699, 507, 0, 'Stranglekelp'),
(78700, 517, 0, 'Stranglekelp'),
(78701, 514, 0, 'Stranglekelp'),
(78702, 514, 0, 'Stranglekelp'),
(78703, 514, 0, 'Stranglekelp'),
(78704, 517, 0, 'Stranglekelp'),
(78705, 517, 0, 'Stranglekelp'),
(78706, 511, 0, 'Stranglekelp'),
(78707, 517, 0, 'Stranglekelp'),
(78708, 517, 0, 'Stranglekelp'),
(78709, 516, 0, 'Stranglekelp'),
(78710, 517, 0, 'Stranglekelp'),
(78711, 517, 0, 'Stranglekelp'),
(78712, 514, 0, 'Stranglekelp'),
(78713, 508, 0, 'Stranglekelp'),
(78714, 507, 0, 'Stranglekelp'),
(78715, 512, 0, 'Stranglekelp'),
(78716, 518, 0, 'Stranglekelp'),
(78717, 517, 0, 'Stranglekelp'),
(78718, 509, 0, 'Stranglekelp'),
(78719, 509, 0, 'Stranglekelp'),
(78720, 517, 0, 'Stranglekelp'),
(78721, 517, 0, 'Stranglekelp'),
(78722, 509, 0, 'Stranglekelp'),
(78723, 509, 0, 'Stranglekelp'),
(78724, 515, 0, 'Stranglekelp'),
(78725, 512, 0, 'Stranglekelp'),
(78726, 512, 0, 'Stranglekelp'),
(78727, 509, 0, 'Stranglekelp'),
(78728, 509, 0, 'Stranglekelp'),
(78729, 514, 0, 'Stranglekelp'),
(78730, 507, 0, 'Stranglekelp'),
(78731, 511, 0, 'Stranglekelp'),
(78732, 514, 0, 'Stranglekelp'),
(78733, 509, 0, 'Stranglekelp'),
(78734, 509, 0, 'Stranglekelp'),
(78735, 515, 0, 'Stranglekelp'),
(78736, 515, 0, 'Stranglekelp'),
(78737, 512, 0, 'Stranglekelp'),
(78738, 516, 0, 'Stranglekelp'),
(78739, 518, 0, 'Stranglekelp'),
(78740, 511, 0, 'Stranglekelp'),
(78741, 508, 0, 'Stranglekelp'),
(78742, 515, 0, 'Stranglekelp'),
(78743, 509, 0, 'Stranglekelp'),
(78744, 514, 0, 'Stranglekelp'),
(78745, 517, 0, 'Stranglekelp'),
(78746, 509, 0, 'Stranglekelp'),
(78747, 509, 0, 'Stranglekelp'),
(78748, 507, 0, 'Stranglekelp'),
(78749, 509, 0, 'Stranglekelp'),
(78750, 509, 0, 'Stranglekelp'),
(78751, 516, 0, 'Stranglekelp'),
(78752, 515, 0, 'Stranglekelp'),
(78753, 517, 0, 'Stranglekelp'),
(78754, 515, 0, 'Stranglekelp'),
(78755, 515, 0, 'Stranglekelp'),
(78756, 511, 0, 'Stranglekelp'),
(78757, 513, 0, 'Stranglekelp'),
(78758, 513, 0, 'Stranglekelp'),
(78759, 513, 0, 'Stranglekelp'),
(78760, 513, 0, 'Stranglekelp'),
(78761, 513, 0, 'Stranglekelp'),
(78762, 513, 0, 'Stranglekelp'),
(78763, 513, 0, 'Stranglekelp'),
(78764, 513, 0, 'Stranglekelp'),
(78765, 513, 0, 'Stranglekelp'),
(78766, 513, 0, 'Stranglekelp'),
(78767, 513, 0, 'Stranglekelp'),
(78768, 513, 0, 'Stranglekelp'),
(78769, 513, 0, 'Stranglekelp'),
(78770, 513, 0, 'Stranglekelp'),
(78771, 513, 0, 'Stranglekelp'),
(78772, 513, 0, 'Stranglekelp'),
(78773, 513, 0, 'Stranglekelp'),
(78774, 513, 0, 'Stranglekelp'),
(78775, 510, 0, 'Stranglekelp'),
(78776, 510, 0, 'Stranglekelp'),
(78777, 510, 0, 'Stranglekelp'),
(78778, 510, 0, 'Stranglekelp'),
(78779, 510, 0, 'Stranglekelp'),
(78780, 510, 0, 'Stranglekelp'),
(78781, 510, 0, 'Stranglekelp'),
(78782, 514, 0, 'Stranglekelp'),
(78783, 514, 0, 'Stranglekelp'),
(78784, 514, 0, 'Stranglekelp'),
(78785, 514, 0, 'Stranglekelp'),
(78786, 514, 0, 'Stranglekelp'),
(78787, 514, 0, 'Stranglekelp'),
(78788, 514, 0, 'Stranglekelp'),
(78789, 514, 0, 'Stranglekelp'),
(78790, 507, 0, 'Stranglekelp'),
(78791, 514, 0, 'Stranglekelp'),
(78792, 514, 0, 'Stranglekelp'),
(78793, 507, 0, 'Stranglekelp'),
(78794, 513, 0, 'Stranglekelp'),
(78795, 513, 0, 'Stranglekelp'),
(78796, 513, 0, 'Stranglekelp'),
(78797, 513, 0, 'Stranglekelp'),
(78798, 513, 0, 'Stranglekelp'),
(78799, 513, 0, 'Stranglekelp'),
(78800, 513, 0, 'Stranglekelp'),
(78801, 513, 0, 'Stranglekelp'),
(78802, 513, 0, 'Stranglekelp'),
(78803, 513, 0, 'Stranglekelp'),
(78804, 513, 0, 'Stranglekelp'),
(78805, 513, 0, 'Stranglekelp'),
(78806, 507, 0, 'Stranglekelp'),
(78807, 507, 0, 'Stranglekelp'),
(78808, 507, 0, 'Stranglekelp'),
(78809, 507, 0, 'Stranglekelp'),
(78810, 507, 0, 'Stranglekelp'),
(78811, 507, 0, 'Stranglekelp'),
(78812, 507, 0, 'Stranglekelp'),
(78813, 507, 0, 'Stranglekelp'),
(78814, 509, 0, 'Stranglekelp'),
(78815, 514, 0, 'Stranglekelp'),
(78816, 514, 0, 'Stranglekelp'),
(78817, 514, 0, 'Stranglekelp'),
(78818, 514, 0, 'Stranglekelp'),
(78819, 505, 0, 'Stranglekelp'),
(78820, 505, 0, 'Stranglekelp'),
(78821, 512, 0, 'Stranglekelp'),
(78822, 512, 0, 'Stranglekelp'),
(78823, 512, 0, 'Stranglekelp'),
(78824, 512, 0, 'Stranglekelp'),
(78825, 512, 0, 'Stranglekelp'),
(78826, 513, 0, 'Stranglekelp'),
(78827, 513, 0, 'Stranglekelp'),
(78828, 513, 0, 'Stranglekelp'),
(78829, 507, 0, 'Stranglekelp'),
(78830, 507, 0, 'Stranglekelp'),
(78831, 511, 0, 'Stranglekelp'),
(78832, 513, 0, 'Stranglekelp'),
(78833, 511, 0, 'Stranglekelp'),
(78834, 511, 0, 'Stranglekelp'),
(78835, 514, 0, 'Stranglekelp'),
(78836, 514, 0, 'Stranglekelp'),
(78837, 514, 0, 'Stranglekelp'),
(78838, 514, 0, 'Stranglekelp'),
(78839, 514, 0, 'Stranglekelp'),
(78840, 506, 0, 'Stranglekelp'),
(78841, 515, 0, 'Stranglekelp'),
(78842, 515, 0, 'Stranglekelp'),
(78843, 515, 0, 'Stranglekelp'),
(78844, 515, 0, 'Stranglekelp'),
(78845, 507, 0, 'Stranglekelp'),
(78846, 511, 0, 'Stranglekelp'),
(78847, 511, 0, 'Stranglekelp'),
(78848, 511, 0, 'Stranglekelp'),
(78849, 511, 0, 'Stranglekelp'),
(78850, 513, 0, 'Stranglekelp'),
(78851, 513, 0, 'Stranglekelp'),
(78852, 515, 0, 'Stranglekelp'),
(78853, 517, 0, 'Stranglekelp'),
(78854, 507, 0, 'Stranglekelp'),
(78855, 507, 0, 'Stranglekelp'),
(78856, 512, 0, 'Stranglekelp'),
(78857, 512, 0, 'Stranglekelp'),
(78858, 516, 0, 'Stranglekelp'),
(78859, 516, 0, 'Stranglekelp'),
(78860, 513, 0, 'Stranglekelp'),
(78861, 511, 0, 'Stranglekelp'),
(78862, 513, 0, 'Stranglekelp'),
(78863, 513, 0, 'Stranglekelp'),
(78864, 513, 0, 'Stranglekelp'),
(78865, 507, 0, 'Stranglekelp'),
(78866, 517, 0, 'Stranglekelp'),
(78867, 513, 0, 'Stranglekelp'),
(78868, 517, 0, 'Stranglekelp'),
(78869, 517, 0, 'Stranglekelp'),
(78870, 513, 0, 'Stranglekelp'),
(78871, 517, 0, 'Stranglekelp'),
(78872, 507, 0, 'Stranglekelp'),
(78873, 514, 0, 'Stranglekelp'),
(78874, 506, 0, 'Stranglekelp'),
(78875, 514, 0, 'Stranglekelp'),
(78876, 514, 0, 'Stranglekelp'),
(78877, 511, 0, 'Stranglekelp'),
(78878, 511, 0, 'Stranglekelp'),
(78879, 513, 0, 'Stranglekelp'),
(78880, 513, 0, 'Stranglekelp'),
(78881, 513, 0, 'Stranglekelp'),
(78882, 513, 0, 'Stranglekelp'),
(78883, 513, 0, 'Stranglekelp'),
(78884, 513, 0, 'Stranglekelp'),
(78885, 513, 0, 'Stranglekelp'),
(78886, 513, 0, 'Stranglekelp'),
(78887, 515, 0, 'Stranglekelp'),
(78888, 509, 0, 'Stranglekelp'),
(78889, 509, 0, 'Stranglekelp'),
(78890, 506, 0, 'Stranglekelp'),
(78891, 506, 0, 'Stranglekelp'),
(78892, 506, 0, 'Stranglekelp'),
(78893, 506, 0, 'Stranglekelp'),
(78894, 511, 0, 'Stranglekelp'),
(78895, 514, 0, 'Stranglekelp'),
(78896, 514, 0, 'Stranglekelp'),
(78897, 509, 0, 'Stranglekelp'),
(78898, 506, 0, 'Stranglekelp'),
(78899, 506, 0, 'Stranglekelp'),
(78900, 507, 0, 'Stranglekelp'),
(78901, 507, 0, 'Stranglekelp'),
(78902, 511, 0, 'Stranglekelp'),
(78903, 511, 0, 'Stranglekelp'),
(78904, 511, 0, 'Stranglekelp'),
(78905, 506, 0, 'Stranglekelp'),
(78906, 506, 0, 'Stranglekelp'),
(78907, 506, 0, 'Stranglekelp'),
(78908, 513, 0, 'Stranglekelp'),
(78909, 511, 0, 'Stranglekelp'),
(78910, 506, 0, 'Stranglekelp'),
(78911, 506, 0, 'Stranglekelp'),
(78912, 506, 0, 'Stranglekelp'),
(78913, 514, 0, 'Stranglekelp'),
(78914, 514, 0, 'Stranglekelp'),
(78915, 506, 0, 'Stranglekelp'),
(78916, 509, 0, 'Stranglekelp'),
(78917, 517, 0, 'Stranglekelp'),
(78918, 509, 0, 'Stranglekelp'),
(78919, 515, 0, 'Stranglekelp'),
(78920, 509, 0, 'Stranglekelp'),
(78921, 514, 0, 'Stranglekelp'),
(78922, 509, 0, 'Stranglekelp'),
(78923, 505, 0, 'Stranglekelp'),
(78924, 507, 0, 'Stranglekelp'),
(78925, 514, 0, 'Stranglekelp'),
(78926, 511, 0, 'Stranglekelp'),
(78927, 509, 0, 'Stranglekelp'),
(78928, 514, 0, 'Stranglekelp'),
(78929, 510, 0, 'Stranglekelp'),
(78930, 510, 0, 'Stranglekelp'),
(78931, 510, 0, 'Stranglekelp'),
(78932, 510, 0, 'Stranglekelp'),
(78933, 510, 0, 'Stranglekelp'),
(78934, 513, 0, 'Stranglekelp'),
(78935, 509, 0, 'Stranglekelp'),
(78936, 513, 0, 'Stranglekelp'),
(78937, 513, 0, 'Stranglekelp'),
(78938, 517, 0, 'Stranglekelp'),
(78939, 509, 0, 'Stranglekelp'),
(78940, 509, 0, 'Stranglekelp'),
(78941, 510, 0, 'Stranglekelp'),
(78942, 510, 0, 'Stranglekelp'),
(78943, 510, 0, 'Stranglekelp'),
(78944, 510, 0, 'Stranglekelp'),
(78945, 510, 0, 'Stranglekelp'),
(78946, 510, 0, 'Stranglekelp'),
(78947, 519, 0, 'Stranglekelp'),
(78948, 507, 0, 'Stranglekelp'),
(78949, 507, 0, 'Stranglekelp'),
(78950, 512, 0, 'Stranglekelp'),
(78951, 512, 0, 'Stranglekelp'),
(78952, 512, 0, 'Stranglekelp'),
(78953, 512, 0, 'Stranglekelp'),
(78954, 512, 0, 'Stranglekelp'),
(78955, 512, 0, 'Stranglekelp'),
(78956, 512, 0, 'Stranglekelp'),
(78957, 512, 0, 'Stranglekelp'),
(78958, 512, 0, 'Stranglekelp'),
(78959, 512, 0, 'Stranglekelp'),
(78960, 512, 0, 'Stranglekelp'),
(78961, 512, 0, 'Stranglekelp'),
(78962, 512, 0, 'Stranglekelp'),
(78963, 512, 0, 'Stranglekelp'),
(78964, 512, 0, 'Stranglekelp'),
(78965, 512, 0, 'Stranglekelp'),
(78966, 507, 0, 'Stranglekelp'),
(78967, 518, 0, 'Stranglekelp'),
(78968, 514, 0, 'Stranglekelp'),
(78969, 514, 0, 'Stranglekelp'),
(78970, 514, 0, 'Stranglekelp'),
(78971, 514, 0, 'Stranglekelp'),
(78972, 514, 0, 'Stranglekelp'),
(78973, 514, 0, 'Stranglekelp'),
(78974, 507, 0, 'Stranglekelp'),
(78975, 514, 0, 'Stranglekelp'),
(78976, 514, 0, 'Stranglekelp'),
(78977, 514, 0, 'Stranglekelp'),
(78978, 514, 0, 'Stranglekelp'),
(78979, 514, 0, 'Stranglekelp'),
(78980, 514, 0, 'Stranglekelp'),
(78981, 514, 0, 'Stranglekelp'),
(78982, 517, 0, 'Stranglekelp'),
(78983, 517, 0, 'Stranglekelp'),
(78984, 517, 0, 'Stranglekelp'),
(78985, 517, 0, 'Stranglekelp'),
(78986, 517, 0, 'Stranglekelp'),
(78987, 517, 0, 'Stranglekelp'),
(78988, 509, 0, 'Stranglekelp'),
(78989, 517, 0, 'Stranglekelp'),
(78990, 510, 0, 'Stranglekelp'),
(78991, 510, 0, 'Stranglekelp'),
(78992, 514, 0, 'Stranglekelp'),
(78993, 514, 0, 'Stranglekelp'),
(78994, 514, 0, 'Stranglekelp'),
(78995, 514, 0, 'Stranglekelp'),
(78996, 513, 0, 'Stranglekelp'),
(78997, 510, 0, 'Stranglekelp'),
(78998, 510, 0, 'Stranglekelp'),
(78999, 510, 0, 'Stranglekelp'),
(79000, 510, 0, 'Stranglekelp'),
(79001, 510, 0, 'Stranglekelp'),
(79002, 510, 0, 'Stranglekelp'),
(79003, 510, 0, 'Stranglekelp'),
(79004, 510, 0, 'Stranglekelp'),
(79005, 517, 0, 'Stranglekelp'),
(79006, 517, 0, 'Stranglekelp'),
(79007, 517, 0, 'Stranglekelp'),
(79008, 517, 0, 'Stranglekelp'),
(79009, 517, 0, 'Stranglekelp'),
(79010, 517, 0, 'Stranglekelp'),
(79011, 509, 0, 'Stranglekelp'),
(79012, 514, 0, 'Stranglekelp'),
(79013, 514, 0, 'Stranglekelp'),
(79014, 514, 0, 'Stranglekelp'),
(79015, 514, 0, 'Stranglekelp'),
(79016, 513, 0, 'Stranglekelp'),
(79017, 513, 0, 'Stranglekelp'),
(79018, 513, 0, 'Stranglekelp'),
(79019, 513, 0, 'Stranglekelp'),
(79020, 508, 0, 'Stranglekelp'),
(79021, 513, 0, 'Stranglekelp'),
(79022, 513, 0, 'Stranglekelp'),
(79023, 514, 0, 'Stranglekelp'),
(79024, 514, 0, 'Stranglekelp'),
(79025, 507, 0, 'Stranglekelp'),
(79026, 518, 0, 'Stranglekelp'),
(79027, 507, 0, 'Stranglekelp'),
(79028, 514, 0, 'Stranglekelp'),
(79029, 507, 0, 'Stranglekelp'),
(79030, 507, 0, 'Stranglekelp'),
(79031, 509, 0, 'Stranglekelp'),
(79032, 517, 0, 'Stranglekelp'),
(79033, 517, 0, 'Stranglekelp'),
(79034, 517, 0, 'Stranglekelp'),
(79035, 514, 0, 'Stranglekelp'),
(79036, 514, 0, 'Stranglekelp'),
(79037, 514, 0, 'Stranglekelp'),
(79038, 514, 0, 'Stranglekelp'),
(79039, 507, 0, 'Stranglekelp'),
(79040, 507, 0, 'Stranglekelp'),
(79041, 507, 0, 'Stranglekelp'),
(79042, 513, 0, 'Stranglekelp'),
(79043, 513, 0, 'Stranglekelp'),
(79044, 513, 0, 'Stranglekelp'),
(79045, 513, 0, 'Stranglekelp'),
(79046, 513, 0, 'Stranglekelp'),
(79047, 517, 0, 'Stranglekelp'),
(79048, 514, 0, 'Stranglekelp'),
(79049, 513, 0, 'Stranglekelp'),
(79050, 513, 0, 'Stranglekelp'),
(79051, 517, 0, 'Stranglekelp'),
(79052, 509, 0, 'Stranglekelp'),
(79053, 509, 0, 'Stranglekelp'),
(79054, 509, 0, 'Stranglekelp'),
(79055, 513, 0, 'Stranglekelp'),
(79056, 517, 0, 'Stranglekelp'),
(79057, 509, 0, 'Stranglekelp'),
(79058, 511, 0, 'Stranglekelp'),
(79059, 511, 0, 'Stranglekelp'),
(79060, 508, 0, 'Stranglekelp'),
(79061, 508, 0, 'Stranglekelp'),
(79062, 508, 0, 'Stranglekelp'),
(79063, 508, 0, 'Stranglekelp'),
(79064, 508, 0, 'Stranglekelp'),
(79065, 508, 0, 'Stranglekelp'),
(79066, 508, 0, 'Stranglekelp'),
(79067, 510, 0, 'Stranglekelp'),
(79068, 510, 0, 'Stranglekelp'),
(79069, 510, 0, 'Stranglekelp'),
(79070, 510, 0, 'Stranglekelp'),
(79071, 508, 0, 'Stranglekelp'),
(79072, 509, 0, 'Stranglekelp'),
(79073, 517, 0, 'Stranglekelp'),
(79074, 509, 0, 'Stranglekelp'),
(79075, 509, 0, 'Stranglekelp'),
(79076, 509, 0, 'Stranglekelp'),
(79077, 509, 0, 'Stranglekelp'),
(79078, 509, 0, 'Stranglekelp'),
(79079, 517, 0, 'Stranglekelp'),
(79080, 509, 0, 'Stranglekelp'),
(79081, 516, 0, 'Stranglekelp'),
(79082, 516, 0, 'Stranglekelp'),
(79083, 516, 0, 'Stranglekelp'),
(79084, 517, 0, 'Stranglekelp'),
(79085, 517, 0, 'Stranglekelp'),
(79086, 517, 0, 'Stranglekelp'),
(79087, 517, 0, 'Stranglekelp'),
(79088, 517, 0, 'Stranglekelp'),
(79089, 517, 0, 'Stranglekelp'),
(79090, 517, 0, 'Stranglekelp'),
(79091, 517, 0, 'Stranglekelp'),
(79092, 516, 0, 'Stranglekelp'),
(79093, 516, 0, 'Stranglekelp'),
(79094, 515, 0, 'Stranglekelp'),
(79095, 515, 0, 'Stranglekelp'),
(79096, 515, 0, 'Stranglekelp'),
(79097, 515, 0, 'Stranglekelp'),
(79098, 515, 0, 'Stranglekelp'),
(79099, 507, 0, 'Stranglekelp'),
(79100, 507, 0, 'Stranglekelp'),
(79101, 507, 0, 'Stranglekelp'),
(79102, 519, 0, 'Stranglekelp'),
(79103, 519, 0, 'Stranglekelp'),
(79104, 519, 0, 'Stranglekelp'),
(79105, 519, 0, 'Stranglekelp'),
(79106, 519, 0, 'Stranglekelp'),
(79107, 515, 0, 'Stranglekelp');

DELETE FROM `gameobject` WHERE `guid` BETWEEN 78409 AND 79107;
INSERT INTO `gameobject` (`guid`, `id`, `map`, `position_x`, `position_y`, `position_z`, `orientation`, `rotation0`, `rotation1`, `rotation2`, `rotation3`, `spawntimesecs`, `animprogress`, `state`) VALUES
(78409, 2045, 0, 1309.05, 5.4962, -13.3285, 6.02139, 0, 0, -0.130526, 0.991445, 900, 255, 1),
(78410, 2045, 0, -1081.05, -713.958, -3.80395, 1.15192, 0, 0, 0.544639, 0.838671, 900, 255, 1),
(78411, 2045, 0, -1742.04, -1111.16, -50.7961, 5.28835, 0, 0, -0.477158, 0.878817, 900, 255, 1),
(78412, 2045, 0, -12503.7, 231.236, -16.9338, 0.645772, 0, 0, 0.317305, 0.948324, 900, 255, 1),
(78413, 2045, 0, -1109.09, -484.259, -42.2045, 2.07694, 0, 0, 0.861628, 0.507539, 900, 255, 1),
(78414, 2045, 0, -1548, -988.021, -39.3629, 1.0821, 0, 0, 0.515037, 0.857168, 900, 255, 1),
(78415, 2045, 0, -1698.15, -1045.93, -42.8583, 0.977383, 0, 0, 0.469471, 0.882948, 900, 255, 1),
(78416, 2045, 0, -1116.11, -189.95, -3.40162, 3.3685, 0, 0, -0.993571, 0.113208, 900, 255, 1),
(78417, 2045, 0, -777.527, -4570.92, -23.8076, 5.68977, 0, 0, -0.292372, 0.956305, 900, 255, 1),
(78418, 2045, 0, -785.382, -4656.31, -24.7362, 5.044, 0, 0, -0.580703, 0.814116, 900, 255, 1),
(78419, 2045, 0, -13574.2, 813.761, -10.0162, 3.03684, 0, 0, 0.998629, 0.0523532, 900, 255, 1),
(78420, 2045, 0, -291.338, -4744.9, -25.2299, 4.25861, 0, 0, -0.848047, 0.529921, 900, 255, 1),
(78421, 2045, 0, -199.985, -4725.92, -28.7294, 1.85005, 0, 0, 0.798635, 0.601815, 900, 255, 1),
(78422, 2045, 0, -1174.06, -777.817, -5.35076, 3.15906, 0, 0, -0.999962, 0.00873464, 900, 255, 1),
(78423, 2045, 0, -485.872, -4719.62, -29.8458, 2.74016, 0, 0, 0.979924, 0.19937, 900, 255, 1),
(78424, 2045, 0, 628.255, 736.648, 19.9124, 4.41568, 0, 0, -0.803857, 0.594823, 900, 255, 1),
(78425, 2045, 0, -1181.64, 45.6704, -7.18421, 3.24635, 0, 0, -0.998629, 0.0523532, 900, 255, 1),
(78426, 2045, 0, -1153.73, -439.879, -41.0976, 5.34071, 0, 0, -0.45399, 0.891007, 900, 255, 1),
(78427, 2045, 0, -1141.71, -545.092, -41.2592, 3.56047, 0, 0, -0.978148, 0.207912, 900, 255, 1),
(78428, 2045, 0, -1677.83, -1121.21, -3.60723, 5.16618, 0, 0, -0.529919, 0.848048, 900, 255, 1),
(78429, 2045, 0, -1216.22, -648.269, -43.7294, 2.1293, 0, 0, 0.874619, 0.48481, 900, 255, 1),
(78430, 2045, 0, -1051.87, -408.556, -4.19282, 3.38594, 0, 0, -0.992546, 0.12187, 900, 255, 1),
(78431, 2045, 0, -1212.53, -211.741, -42.0522, 5.53269, 0, 0, -0.366501, 0.930418, 900, 255, 1),
(78432, 2045, 0, -1620.5, -1026.73, -40.5638, 2.65289, 0, 0, 0.970295, 0.241925, 900, 255, 1),
(78433, 2045, 0, -1169.76, -249.171, -33.6806, 5.74214, 0, 0, -0.267238, 0.963631, 900, 255, 1),
(78434, 2045, 0, -1516.17, -1054.35, -7.40376, 4.50295, 0, 0, -0.777145, 0.629321, 900, 255, 1),
(78435, 2045, 0, -14065.4, 473.215, -14.4825, 0.244346, 0, 0, 0.121869, 0.992546, 900, 255, 1),
(78436, 2045, 0, -13603.6, 419.877, -33.2804, 2.04204, 0, 0, 0.85264, 0.522499, 900, 255, 1),
(78437, 2045, 0, -13113.1, 803.91, -38.3111, 1.5708, 0, 0, 0.707107, 0.707107, 900, 255, 1),
(78438, 2045, 0, -12549.2, 534.619, -47.1639, 5.42798, 0, 0, -0.414693, 0.909962, 900, 255, 1),
(78439, 2045, 0, -3612.66, -620.549, -13.8344, 0.471238, 0, 0, 0.233445, 0.97237, 900, 255, 1),
(78440, 2045, 0, -1352.52, -948.247, -6.47859, 5.93412, 0, 0, -0.173648, 0.984808, 900, 255, 1),
(78441, 2045, 1, 6615.66, 601.808, -13.2324, 1.13446, 0, 0, 0.537299, 0.843392, 900, 255, 1),
(78442, 2045, 1, -1456.03, -3980.45, -5.35221, 2.30383, 0, 0, 0.913545, 0.406738, 900, 255, 1),
(78443, 2045, 1, -1915.86, -3779.83, -4.68931, 6.00393, 0, 0, -0.139173, 0.990268, 900, 255, 1),
(78444, 2045, 1, -940.056, -3951.62, -50.5944, 0.85521, 0, 0, 0.414693, 0.909962, 900, 255, 1),
(78445, 2045, 1, -868.215, -3953.02, -30.572, 3.6652, 0, 0, -0.965925, 0.258821, 900, 255, 1),
(78446, 2045, 1, -1831.07, -3862.04, -8.43423, 5.2709, 0, 0, -0.484809, 0.87462, 900, 255, 1),
(78447, 2045, 1, -1107.98, -4256.02, -9.86849, 5.88176, 0, 0, -0.199367, 0.979925, 900, 255, 1),
(78448, 2045, 0, -13691.3, 767.772, -12.2924, 2.33874, 0, 0, 0.920505, 0.390732, 900, 100, 1),
(78449, 2045, 1, 3573.68, 1134.14, 1.532, 0.018, 0, 0, 0, 0, 900, 100, 1),
(78450, 2045, 1, 3608.39, 1161.36, 0.921, 3.505, 0, 0, 0, 0, 900, 100, 1),
(78451, 2045, 1, 2271.02, -2871, 133.706, 3.513, 0, 0, 0, 0, 900, 100, 1),
(78452, 2045, 1, -5378, 2271.87, 0.879, 3.379, 0, 0, 0, 0, 900, 100, 1),
(78453, 2045, 1, -5455, 2328.48, 0.381, 5.005, 0, 0, 0, 0, 900, 100, 1),
(78454, 2045, 1, 2942.7, -2723, 215.836, 0.03, 0, 0, 0, 0, 900, 100, 1),
(78455, 2045, 1, 4253.93, 964.903, 38.09, 0.192, 0, 0, 0.095846, 0.995396, 900, 100, 1),
(78456, 2045, 1, -4982, 3272.63, 0.014, 5.865, 0, 0, 0, 0, 900, 100, 1),
(78457, 2045, 0, -999, -732, 0.487, 0.685, 0, 0, 0, 0, 900, 100, 1),
(78458, 2045, 1, 3631.36, 1037.19, 5.47104, 4.848, 0, 0, 0, 0, 900, 100, 1),
(78459, 2045, 1, -1160, -3677, 93.194, 6.151, 0, 0, 0, 0, 900, 100, 1),
(78460, 2045, 1, -785, -4056, 3.511, 0.266, 0, 0, 0, 0, 900, 100, 1),
(78461, 2045, 1, -906, -4108, 2.25, 4.016, 0, 0, 0, 0, 900, 100, 1),
(78462, 2045, 1, -978, -3754, 3.16928, 0.43, 0, 0, 0, 0, 900, 100, 1),
(78463, 2045, 1, 6959.22, 787.957, 3.805, 2.833, 0, 0, 0, 0, 900, 100, 1),
(78464, 2045, 1, 6818.58, 504.836, 0.988, 6.096, 0, 0, 0, 0, 900, 100, 1),
(78465, 2045, 1, 6984.84, 790.409, 10.6, 0.049, 0, 0, 0, 0, 900, 100, 1),
(78466, 2045, 1, 7007.92, 798.797, 3.468, 2.963, 0, 0, 0, 0, 900, 100, 1),
(78467, 2045, 0, -1049, -342, 0.507, 4.6, 0, 0, 0, 0, 900, 100, 1),
(78468, 2045, 1, 4876.51, 636.461, 0, 4.302, 0, 0, 0, 0, 900, 100, 1),
(78469, 2045, 1, 4004.19, 1041.79, -14, 0.506, 0, 0, 0.25038, 0.968148, 900, 100, 1),
(78470, 2045, 1, -5210, 2208.77, 1.053, 5.822, 0, 0, 0, 0, 900, 100, 1),
(78471, 2045, 1, 5253.43, 576.509, 0.303, 0.461, 0, 0, 0, 0, 900, 100, 1),
(78472, 2045, 0, -980, -463, 0.904, 1.918, 0, 0, 0, 0, 900, 100, 1),
(78473, 2045, 0, -1006, -412, 0.937, 3.367, 0, 0, 0, 0, 900, 100, 1),
(78474, 2045, 1, -5539, 2320.89, 0.26, 4.718, 0, 0, 0, 0, 900, 100, 1),
(78475, 2045, 1, 5989.6, 637.678, 0.568, 0.257, 0, 0, 0, 0, 900, 100, 1),
(78476, 2045, 1, 5874.49, 575.1, 0.218, 0.929, 0, 0, 0, 0, 900, 100, 1),
(78477, 2045, 1, -1982, 3074.47, 0.453, 4.932, 0, 0, 0, 0, 900, 100, 1),
(78478, 2045, 1, 3622.31, 925.672, 0.082, 0.112, 0, 0, 0, 0, 900, 100, 1),
(78479, 2045, 1, 3636.4, 887.459, 0.152, 1.978, 0, 0, 0, 0, 900, 100, 1),
(78480, 2045, 1, 3589.09, 802.595, 0.18, 0.473, 0, 0, 0, 0, 900, 100, 1),
(78481, 2045, 1, -1028, -4252, 1.578, 5.394, 0, 0, 0, 0, 900, 100, 1),
(78482, 2045, 1, -2000, 3125.95, 1.649, 4.245, 0, 0, 0, 0, 900, 100, 1),
(78483, 2045, 1, -650, 2744.91, 0.401, 3.355, 0, 0, 0, 0, 900, 100, 1),
(78484, 2045, 1, 5239.4, 964.844, 1.337, 2.798, 0, 0, 0, 0, 900, 100, 1),
(78485, 2045, 1, -5258, 3632.46, 1.05, 4.168, 0, 0, 0, 0, 900, 100, 1),
(78486, 2045, 1, 3634.82, 1070.97, 3.71083, 1.487, 0, 0, 0, 0, 900, 100, 1),
(78487, 2045, 1, -5018, 3597.11, 0.308, 1.824, 0, 0, 0, 0, 900, 100, 1),
(78488, 2045, 1, -4465, 2360.82, 0.344, 3.917, 0, 0, 0, 0, 900, 100, 1),
(78489, 2045, 1, 5240.34, 971.813, 2.71, 3.811, 0, 0, 0, 0, 900, 100, 1),
(78490, 2045, 1, 3806.23, 1002.87, 2.948, 2.421, 0, 0, 0, 0, 900, 100, 1),
(78491, 2045, 1, 6223.26, 947.609, 1.391, 0.324, 0, 0, 0, 0, 900, 100, 1),
(78492, 2045, 0, 776.394, 144.451, 33.481, 0.163, 0, 0, 0, 0, 900, 100, 1),
(78493, 2045, 1, 3532.41, 1117.84, 0.811, 4.2, 0, 0, 0, 0, 900, 100, 1),
(78494, 2045, 1, 3494.74, 1064.94, 1.435, 4.636, 0, 0, 0, 0, 900, 100, 1),
(78495, 2045, 1, -1744, 3185.5, 0.322, 0.01, 0, 0, 0, 0, 900, 100, 1),
(78496, 2045, 1, 3584.43, 1015.39, 0.373, 1.86, 0, 0, 0, 0, 900, 100, 1),
(78497, 2045, 1, 3561.6, 1045.97, 0.334, 1.239, 0, 0, 0, 0, 900, 100, 1),
(78498, 2045, 1, 2180.13, -6828, 0.719, 0.135, 0, 0, 0, 0, 900, 100, 1),
(78499, 2045, 1, 2685.27, -7035, 0.283, 2.621, 0, 0, 0, 0, 900, 100, 1),
(78500, 2045, 0, -14881, 342.575, 0.812, 6.171, 0, 0, 0, 0, 900, 100, 1),
(78501, 2045, 1, 3867.07, 862.943, 0.473, 5.029, 0, 0, 0, 0, 900, 100, 1),
(78502, 2045, 1, -1278, -3994, 0, 3.674, 0, 0, 0, 0, 900, 100, 1),
(78503, 2045, 1, -1286, -3890, 6.413, 1.338, 0, 0, 0, 0, 900, 100, 1),
(78504, 2045, 1, -1314, -3920, 0.95, 4.837, 0, 0, 0, 0, 900, 100, 1),
(78505, 2045, 1, -1282, -3867, 23.749, 4.224, 0, 0, 0, 0, 900, 100, 1),
(78506, 2045, 1, -1299, -4038, 4.488, 3.207, 0, 0, 0, 0, 900, 100, 1),
(78507, 2045, 1, 2126.41, -2842, 115.106, 3.27, 0, 0, 0, 0, 900, 100, 1),
(78508, 2045, 1, 2009.51, -1133, 90.159, 2.578, 0, 0, 0, 0, 900, 100, 1),
(78509, 2045, 1, 1945.43, -1058, 92.432, 4.306, 0, 0, 0, 0, 900, 100, 1),
(78510, 2045, 1, 1932.32, -1107, 92.618, 4.549, 0, 0, 0, 0, 900, 100, 1),
(78511, 2045, 1, -1372, -4040, 5.01, 4.876, 0, 0, 0, 0, 900, 100, 1),
(78512, 2045, 1, 4823.41, 562.513, 16.1665, 0.677, 0, 0, 0, 0, 900, 100, 1),
(78513, 2045, 1, 5886.66, 624.587, 0.36929, 1.702, 0, 0, 0, 0, 900, 100, 1),
(78514, 2045, 0, -14891, 443.121, 1.799, 3.246, 0, 0, 0, 0, 900, 100, 1),
(78515, 2045, 0, -14677, 538.043, 0.112, 4.467, 0, 0, 0, 0, 900, 100, 1),
(78516, 2045, 1, -1424, -3899, 6.679, 1.907, 0, 0, 0, 0, 900, 100, 1),
(78517, 2045, 1, -1430, -3913, 1.568, 1.95, 0, 0, 0, 0, 900, 100, 1),
(78518, 2045, 1, -1440, -3879, 12.07, 1.208, 0, 0, 0, 0, 900, 100, 1),
(78519, 2045, 0, -14751, 551.782, 0.589, 5.747, 0, 0, 0, 0, 900, 100, 1),
(78520, 2045, 0, -14712, 548.672, 0.672, 2.539, 0, 0, 0, 0, 900, 100, 1),
(78521, 2045, 0, -2879.56, -1005.58, -13.1264, 0.558504, 0, 0, 0.275637, 0.961262, 900, 100, 1),
(78522, 2045, 1, 4856.61, 657.351, 0.197, 3.791, 0, 0, 0, 0, 900, 100, 1),
(78523, 2045, 1, 3115.71, -6464, 1.423, 0.359, 0, 0, 0, 0, 900, 100, 1),
(78524, 2045, 0, -14829, 471.795, 0.696, 2.201, 0, 0, 0, 0, 900, 100, 1),
(78525, 2045, 1, 5462.21, 572.037, 0.98, 0.787, 0, 0, 0, 0, 900, 100, 1),
(78526, 2045, 0, -1141, 5.511, 0.886, 2.276, 0, 0, 0, 0, 900, 100, 1),
(78527, 2045, 0, -14876, 392.091, 1.249, 1.097, 0, 0, 0, 0, 900, 100, 1),
(78528, 2045, 0, -14812, 306.898, 0.886, 5.637, 0, 0, 0, 0, 900, 100, 1),
(78529, 2045, 0, -14920, 331.299, 0.926, 0.595, 0, 0, 0, 0, 900, 100, 1),
(78530, 2045, 0, -14890, 370.18, 1.455, 3.85, 0, 0, 0, 0, 900, 100, 1),
(78531, 2045, 0, -14979, 302.468, 1.997, 3.116, 0, 0, 0, 0, 900, 100, 1),
(78532, 2045, 1, 3554.1, 1075.8, 0, 4.73, 0, 0, 0, 0, 900, 100, 1),
(78533, 2045, 1, 2548.33, -2437.49, 160.081, 2.103, 0, 0, 0, 0, 900, 100, 1),
(78534, 2045, 1, 3448.73, 1047.26, 0.102, 3.835, 0, 0, 0, 0, 900, 100, 1),
(78535, 2045, 1, 3587.33, 897.356, 0.632, 1.569, 0, 0, 0, 0, 900, 100, 1),
(78536, 2045, 1, 3585.69, 936.321, 2.526, 4.153, 0, 0, 0, 0, 900, 100, 1),
(78537, 2045, 1, -974, -4101, 0.513, 4.711, 0, 0, 0, 0, 900, 100, 1),
(78538, 2045, 1, -5260, 3655.08, 0.758, 6.018, 0, 0, 0, 0, 900, 100, 1),
(78539, 2045, 0, -1270, -967, 0.512, 0.98, 0, 0, 0, 0, 900, 100, 1),
(78540, 2045, 1, 2027.41, -192, 95.861, 4.519, 0, 0, 0, 0, 900, 100, 1),
(78541, 2045, 1, 2098.7, -170, 94.21, 4.161, 0, 0, 0, 0, 900, 100, 1),
(78542, 2045, 1, 2208.67, -2987, 117.281, 4.13, 0, 0, 0, 0, 900, 100, 1),
(78543, 2045, 1, 2194.43, -3024, 113.726, 1.004, 0, 0, 0, 0, 900, 100, 1),
(78544, 2045, 0, -3084.31, -886.973, -12.8226, 0.436332, 0, 0, 0.216439, 0.976296, 900, 100, 1),
(78545, 2045, 1, -219, 2377.01, 22.986, 1.592, 0, 0, 0, 0, 900, 100, 1),
(78546, 2045, 1, 3708.27, 984.993, 0.481, 4.318, 0, 0, 0, 0, 900, 100, 1),
(78547, 2045, 1, 3401.13, 1071.37, 0.234, 3.01, 0, 0, 0, 0, 900, 100, 1),
(78548, 2045, 1, 2667.7, -2850, 175.157, 3.89, 0, 0, 0, 0, 900, 100, 1),
(78549, 2045, 1, 6972.9, 782.725, 9.28, 1.961, 0, 0, 0, 0, 900, 100, 1),
(78550, 2045, 1, 6070.51, 576.223, 0.791, 1.086, 0, 0, 0, 0, 900, 100, 1),
(78551, 2045, 1, 6128.61, 566.368, 0.732, 1.255, 0, 0, 0, 0, 900, 100, 1),
(78552, 2045, 1, 5949.48, 563.831, 0.142, 0.874, 0, 0, 0, 0, 900, 100, 1),
(78553, 2045, 1, 5969.89, 618.324, 0.007, 4.314, 0, 0, 0, 0, 900, 100, 1),
(78554, 2045, 1, 2183.05, -3061, 113.861, 6.168, 0, 0, 0, 0, 900, 100, 1),
(78555, 2045, 1, -5282, 3313.75, 1.156, 5.182, 0, 0, 0, 0, 900, 100, 1),
(78556, 2045, 1, -5343, 3367.98, 0.303, 5.484, 0, 0, 0, 0, 900, 100, 1),
(78557, 2045, 1, -1804, 3060.58, 0.284, 5.987, 0, 0, 0, 0, 900, 100, 1),
(78558, 2045, 0, -1372, -615, -45, 3.446, 0, 0, 0.988469, -0.15142, 900, 100, 1),
(78559, 2045, 1, -1317, -4040, 4.794, 3.227, 0, 0, 0, 0, 900, 100, 1),
(78560, 2045, 1, -1418, -3939, 1.411, 5.061, 0, 0, 0, 0, 900, 100, 1),
(78561, 2045, 1, -1283, -4013, 6.447, 3.341, 0, 0, 0, 0, 900, 100, 1),
(78562, 2045, 1, 2675.42, -2840, 174.442, 4.082, 0, 0, 0, 0, 900, 100, 1),
(78563, 2045, 0, -1080, -23, 0.701, 1.667, 0, 0, 0, 0, 900, 100, 1),
(78564, 2045, 0, -1092, -19, 0.11, 2.963, 0, 0, 0, 0, 900, 100, 1),
(78565, 2045, 1, 3595.54, 982.457, 0.082, 1.341, 0, 0, 0, 0, 900, 100, 1),
(78566, 2045, 1, -610, 2619.99, 2.035, 4.687, 0, 0, 0, 0, 900, 100, 1),
(78567, 2045, 1, 3734.17, 895.512, 0.955, 4.974, 0, 0, 0, 0, 900, 100, 1),
(78568, 2045, 1, 2498.98, -2871, 152.227, 3.733, 0, 0, 0, 0, 900, 100, 1),
(78569, 2045, 1, 6690.11, 895.05, -25.2179, -0.977384, 0, 0, 0.469472, -0.882948, 900, 100, 1),
(78570, 2045, 1, -5034, 2222.27, 1.919, 3.952, 0, 0, 0, 0, 900, 100, 1),
(78571, 2045, 1, -222, 2422.87, 11.642, 5.107, 0, 0, 0, 0, 900, 100, 1),
(78572, 2045, 0, 1126.96, 224.838, 33.991, 3.921, 0, 0, 0, 0, 900, 100, 1),
(78573, 2045, 0, -1119, -793, 0.485, 0.991, 0, 0, 0, 0, 900, 100, 1),
(78574, 2045, 1, -853, -4073, 1.582, 5.767, 0, 0, 0, 0, 900, 100, 1),
(78575, 2045, 1, 6272.7, 584.431, 0.368, 6.081, 0, 0, 0, 0, 900, 100, 1),
(78576, 2045, 1, 6180.02, 579.199, 0.586, 3.073, 0, 0, 0, 0, 900, 100, 1),
(78577, 2045, 1, 2157.5, -5726, 1.396, 0.52, 0, 0, 0, 0, 900, 100, 1),
(78578, 2045, 0, -1078, -72, 0.386, 2.158, 0, 0, 0, 0, 900, 100, 1),
(78579, 2045, 1, 3674.17, 1025.14, 2.568, 5.759, 0, 0, 0, 0, 900, 100, 1),
(78580, 2045, 1, 5568.94, 569.328, 0.194, 5.936, 0, 0, 0, 0, 900, 100, 1),
(78581, 2045, 1, 5535.51, 554.959, 0.499, 0.524, 0, 0, 0, 0, 900, 100, 1),
(78582, 2045, 1, 5499.46, 575.354, 0.58, 5.358, 0, 0, 0, 0, 900, 100, 1),
(78583, 2045, 0, -14875, 283.467, 0.346, 4.997, 0, 0, 0, 0, 900, 100, 1),
(78584, 2045, 1, 4053.64, 964.36, 0.425, 1.271, 0, 0, 0, 0, 900, 100, 1),
(78585, 2045, 1, 4043.88, 939.572, 0, 5.531, 0, 0, 0, 0, 900, 100, 1),
(78586, 2045, 1, 5028.19, 606.679, 0.076, 0.736, 0, 0, 0, 0, 900, 100, 1),
(78587, 2045, 1, 5059.8, 599.363, 0.046, 5.621, 0, 0, 0, 0, 900, 100, 1),
(78588, 2045, 1, 5102.79, 578.3, 0.223, 0.512, 0, 0, 0, 0, 900, 100, 1),
(78589, 2045, 1, 5172.62, 641.147, 1.116, 1.042, 0, 0, 0, 0, 900, 100, 1),
(78590, 2045, 1, -4603, 2340.47, 0.149, 6.258, 0, 0, 0, 0, 900, 100, 1),
(78591, 2045, 1, -1251, -3679, 96.979, 3.787, 0, 0, 0, 0, 900, 100, 1),
(78592, 2045, 1, -1222, -3673, 102.019, 2.967, 0, 0, 0, 0, 900, 100, 1),
(78593, 2045, 1, 6675, 803.187, 10.025, 5.197, 0, 0, 0, 0, 900, 100, 1),
(78594, 2045, 0, -1081, -282, 0.396, 1.863, 0, 0, 0, 0, 900, 100, 1),
(78595, 2045, 0, -1090, -190, 0.165, 1.848, 0, 0, 0, 0, 900, 100, 1),
(78596, 2045, 1, 4934.2, 607.528, 0.513, 0.12, 0, 0, 0, 0, 900, 100, 1),
(78597, 2045, 1, 4958.95, 590.055, 0.364, 0.006, 0, 0, 0, 0, 900, 100, 1),
(78598, 2045, 1, 4996.12, 590.345, 0.043, 0.646, 0, 0, 0, 0, 900, 100, 1),
(78599, 2045, 1, 4896.54, 619.26, 0.098, 0.414, 0, 0, 0, 0, 900, 100, 1),
(78600, 2045, 0, -1086, -166, 0.542, 1.447, 0, 0, 0, 0, 900, 100, 1),
(78601, 2045, 1, -1945, 3060.77, 0.173, 4.853, 0, 0, 0, 0, 900, 100, 1),
(78602, 2045, 1, -1852, 3058.23, 0.693, 3.092, 0, 0, 0, 0, 900, 100, 1),
(78603, 2045, 0, -14669, 146.262, 0.174, 0.867, 0, 0, 0, 0, 900, 100, 1),
(78604, 2045, 1, 2193.25, -2106, 100.226, 0.218, 0, 0, 0, 0, 900, 100, 1),
(78605, 2045, 1, 2188.31, -2088, 103.682, 4.589, 0, 0, 0, 0, 900, 100, 1),
(78606, 2045, 1, -1680, 3229.08, 1.37, 2.668, 0, 0, 0, 0, 900, 100, 1),
(78607, 2045, 1, 4409.01, -6287, 95.274, 4.137, 0, 0, 0, 0, 900, 100, 1),
(78608, 2045, 0, 972.732, 128.523, 33.187, 1.396, 0, 0, 0, 0, 900, 100, 1),
(78609, 2045, 0, 1110.33, 198.099, 34.351, 2.845, 0, 0, 0, 0, 900, 100, 1),
(78610, 2045, 1, 2100.97, -3181, 97.718, 4.067, 0, 0, 0, 0, 900, 100, 1),
(78611, 2045, 1, 3618.54, 846.422, 0.224, 4.907, 0, 0, 0, 0, 900, 100, 1),
(78612, 2045, 1, -1166, -4589, 0.968, 0.914, 0, 0, 0, 0, 900, 100, 1),
(78613, 2045, 1, 3663.82, 925.221, 5.675, 5.818, 0, 0, 0, 0, 900, 100, 1),
(78614, 2045, 1, 3682.94, 894.785, 1.051, 1.294, 0, 0, 0, 0, 900, 100, 1),
(78615, 2045, 1, 3599.13, 814.43, -1, 2.472, 0, 0, 0, 0, 900, 100, 1),
(78616, 2045, 1, 3633.44, 948.198, 0.912, 3.073, 0, 0, 0, 0, 900, 100, 1),
(78617, 2045, 1, 3627.79, 902.276, 0.467, 3.482, 0, 0, 0, 0, 900, 100, 1),
(78618, 2045, 1, 3719.81, 947.192, -4, 1.1, 0, 0, 0.522498, 0.85264, 900, 100, 1),
(78619, 2045, 1, 6284.21, 581.625, -0.01271, 6.238, 0, 0, 0, 0, 900, 100, 1),
(78620, 2045, 1, 7374.7, -353, 2.332, 2.228, 0, 0, 0, 0, 900, 100, 1),
(78621, 2045, 0, -1322, -1019, 0.324, 6.026, 0, 0, 0, 0, 900, 100, 1),
(78622, 2045, 0, -12543, 391.054, -1, 1.937, 0, 0, 0.824126, 0.566406, 900, 100, 1),
(78623, 2045, 1, -1207, -3663, 96.554, 3.913, 0, 0, 0, 0, 900, 100, 1),
(78624, 2045, 1, -1221, -3678, 100.854, 2.967, 0, 0, 0, 0, 900, 100, 1),
(78625, 2045, 1, 6942.55, 451.296, 1.779, 5.5, 0, 0, 0, 0, 900, 100, 1),
(78626, 2045, 1, 7077.85, 206.694, 0.538, 0.442, 0, 0, 0, 0, 900, 100, 1),
(78627, 2045, 1, 6960.87, 204.254, 0.457, 5.323, 0, 0, 0, 0, 900, 100, 1),
(78628, 2045, 1, 5365.39, 542.841, 0.411, 6.002, 0, 0, 0, 0, 900, 100, 1),
(78629, 2045, 0, -12697.7, 53.7122, -22.1556, 1.90241, 0, 0, 0.814116, 0.580703, 900, 100, 1),
(78630, 2045, 1, 7443.65, -124, 0.858, 5.574, 0, 0, 0, 0, 900, 100, 1),
(78631, 2045, 1, 3974.87, 871.708, 0, 5.363, 0, 0, 0, 0, 900, 100, 1),
(78632, 2045, 1, 5126.41, 593.837, 0.061, 1.643, 0, 0, 0, 0, 900, 100, 1),
(78633, 2045, 1, 5148.07, 618.141, 0.203, 0.889, 0, 0, 0, 0, 900, 100, 1),
(78634, 2045, 1, 5443.46, 551.133, 0.477, 1.082, 0, 0, 0, 0, 900, 100, 1),
(78635, 2045, 1, 3899.74, 908.238, 1.488, 5.304, 0, 0, 0, 0, 900, 100, 1),
(78636, 2045, 1, 3837.87, 855.774, 0, 4.891, 0, 0, 0, 0, 900, 100, 1),
(78637, 2045, 1, 3793.02, 862.42, 0.224, 3.945, 0, 0, 0, 0, 900, 100, 1),
(78638, 2045, 1, 4357.18, -6293, 91.683, 2.99, 0, 0, 0, 0, 900, 100, 1),
(78639, 2045, 1, -5027, 3668.44, 0, 5.26, 0, 0, 0, 0, 900, 100, 1),
(78640, 2045, 1, 6850.06, 465.876, 1.658, 0.281, 0, 0, 0, 0, 900, 100, 1),
(78641, 2045, 1, -936, -3774, 4.08282, 6.23, 0, 0, 0, 0, 900, 100, 1),
(78642, 2045, 1, 3604.1, 1109.86, 0.847, 1.467, 0, 0, 0, 0, 900, 100, 1),
(78643, 2045, 0, 1105.73, 258.977, 34.172, 2.268, 0, 0, 0, 0, 900, 100, 1),
(78644, 2045, 1, -1743, 3160.32, 0, 4.691, 0, 0, 0, 0, 900, 100, 1),
(78645, 2045, 1, -1688, -3931, 13.014, 5.457, 0, 0, 0, 0, 900, 100, 1),
(78646, 2045, 1, 4766.19, 651.723, 14.472, 4.506, 0, 0, 0, 0, 900, 100, 1),
(78647, 2045, 1, 3621.74, 1128.85, 5.808, 1.754, 0, 0, 0, 0, 900, 100, 1),
(78648, 2045, 1, 3641.97, 1155.85, -1, 3.666, 0, 0, 0, 0, 900, 100, 1),
(78649, 2045, 1, -1178, -3668, 95.044, 2.723, 0, 0, 0, 0, 900, 100, 1),
(78650, 2045, 1, -5032, 3674.22, -1, 5.26, 0, 0, 0, 0, 900, 100, 1),
(78651, 2045, 1, -5295, 2247.02, 0.376, 4.545, 0, 0, 0, 0, 900, 100, 1),
(78652, 2045, 1, 6791.32, 520.491, 0.439, 0.713, 0, 0, 0, 0, 900, 100, 1),
(78653, 2045, 1, 6735.38, 513.479, 0.855, 2.295, 0, 0, 0, 0, 900, 100, 1),
(78654, 2045, 1, -1630, -3969, 0.208, 2.665, 0, 0, 0, 0, 900, 100, 1),
(78655, 2045, 1, -1604, -3934, 0.519, 6.274, 0, 0, 0, 0, 900, 100, 1),
(78656, 2045, 1, -1561, -3979, 1.023, 1, 0, 0, 0, 0, 900, 100, 1),
(78657, 2045, 1, -1570, -3965, 1.165, 5.87, 0, 0, 0, 0, 900, 100, 1),
(78658, 2045, 1, -1657, -3966, 1.009, 2.469, 0, 0, 0, 0, 900, 100, 1),
(78659, 2045, 1, 2617.75, -2816, 172.615, 1.923, 0, 0, 0, 0, 900, 100, 1),
(78660, 2045, 1, 2645.23, -2806, 173.196, 2.421, 0, 0, 0, 0, 900, 100, 1),
(78661, 2045, 1, 4047.92, 979.921, -2, 5.736, 0, 0, 0, 0, 900, 100, 1),
(78662, 2045, 0, -1210, -340, -42, 0.838, 0, 0, 0.406884, 0.91348, 900, 100, 1),
(78663, 2045, 1, -1179, -3662, 96.897, 2.723, 0, 0, 0, 0, 900, 100, 1),
(78664, 2045, 1, 3568.14, 1034.03, 1.053, 1.239, 0, 0, 0, 0, 900, 100, 1),
(78665, 2045, 1, 7682.81, -567, 2.031, 5.472, 0, 0, 0, 0, 900, 100, 1),
(78666, 2045, 1, 3634.36, 1121.82, 3.29, 2.182, 0, 0, 0, 0, 900, 100, 1),
(78667, 2045, 0, -14766, 509.931, 0.19647, 0.878, 0, 0, 0, 0, 900, 100, 1),
(78668, 2045, 1, 4030.27, 916.129, -1, 5.406, 0, 0, 0, 0, 900, 100, 1),
(78669, 2045, 1, 5633.43, 576.221, 0.591, 0.748, 0, 0, 0, 0, 900, 100, 1),
(78670, 2045, 1, 4027.81, 903.953, 0.099, 6.183, 0, 0, 0, 0, 900, 100, 1),
(78671, 2045, 1, 3994.95, 881.005, 0, 4.876, 0, 0, 0, 0, 900, 100, 1),
(78672, 2045, 1, 4019.56, 886.314, 0, 4.966, 0, 0, 0, 0, 900, 100, 1),
(78673, 2045, 1, 2000.7, -1045, 95.062, 1.934, 0, 0, 0, 0, 900, 100, 1),
(78674, 2045, 1, 1836.03, -1277, 92.125, 1.942, 0, 0, 0, 0, 900, 100, 1),
(78675, 2045, 1, 2074.28, -169, 91.58, 4.369, 0, 0, 0, 0, 900, 100, 1),
(78676, 2045, 1, 2025.86, -224, 93.368, 3.074, 0, 0, 0, 0, 900, 100, 1),
(78677, 2045, 1, 5617.36, 546.825, 0, 5.072, 0, 0, 0, 0, 900, 100, 1),
(78678, 2045, 1, 2213.97, -2230, 103.055, 5.449, 0, 0, 0, 0, 900, 100, 1),
(78679, 2045, 0, -14720, 459.803, 0.15581, 1.694, 0, 0, 0, 0, 900, 100, 1),
(78680, 2045, 1, 7445.37, -200, 0.619, 6.065, 0, 0, 0, 0, 900, 100, 1),
(78681, 2045, 1, 7403.05, -351, 0.183, 1.231, 0, 0, 0, 0, 900, 100, 1),
(78682, 2045, 1, 3588.89, 873.193, 0.708, 1.231, 0, 0, 0, 0, 900, 100, 1),
(78683, 2045, 1, 3691.44, 932.894, 2.723, 4.424, 0, 0, 0, 0, 900, 100, 1),
(78684, 2045, 1, 3804.45, 767.149, 6.531, 4.62, 0, 0, 0, 0, 900, 100, 1),
(78685, 2045, 1, 3745.7, 774.795, 7.046, 5.724, 0, 0, 0, 0, 900, 100, 1),
(78686, 2045, 1, 3875.76, 854.422, 1.777, 0.391, 0, 0, 0, 0, 900, 100, 1),
(78687, 2045, 1, 3855.09, 931.756, 0.939, 3.525, 0, 0, 0, 0, 900, 100, 1),
(78688, 2045, 1, 2433.58, -2348, 136.682, 5.885, 0, 0, 0, 0, 900, 100, 1),
(78689, 2045, 1, 2433.93, -2361, 140.825, 4.84, 0, 0, 0, 0, 900, 100, 1),
(78690, 2045, 1, 5854.93, 538.079, 0.227, 0.717, 0, 0, 0, 0, 900, 100, 1),
(78691, 2045, 1, 5813.5, 543.817, 0.5, 0.481, 0, 0, 0, 0, 900, 100, 1),
(78692, 2045, 1, 6377.38, 576.296, 0.131, 3.87, 0, 0, 0, 0, 900, 100, 1),
(78693, 2045, 1, 3059.72, 564.674, 3.834, 6.066, 0, 0, 0, 0, 900, 100, 1),
(78694, 2045, 1, -1899, 3066.46, 0.585, 5.476, 0, 0, 0, 0, 900, 100, 1),
(78695, 2045, 1, -1513, -3980, 8.772, 1.562, 0, 0, 0, 0, 900, 100, 1),
(78696, 2045, 1, -1501, -3924, 5.695, 4.786, 0, 0, 0, 0, 900, 100, 1),
(78697, 2045, 1, 1879.96, -2912, 63.764, 2.094, 0, 0, 0.866025, 0.5, 900, 100, 1),
(78698, 2045, 1, -1707, -3901, 8.949, 0.309, 0, 0, 0, 0, 900, 100, 1),
(78699, 2045, 1, -1467, -3879, 11.972, 4.574, 0, 0, 0, 0, 900, 100, 1),
(78700, 2045, 1, 7012.57, 188.953, 0.816, 1.91, 0, 0, 0, 0, 900, 100, 1),
(78701, 2045, 0, -14911, 277.681, 0.174, 1.16, 0, 0, 0, 0, 900, 100, 1),
(78702, 2045, 0, -14804, 585.068, 0.702, 2.649, 0, 0, 0, 0, 900, 100, 1),
(78703, 2045, 0, -14838, 588.335, 1.543, 2.547, 0, 0, 0, 0, 900, 100, 1),
(78704, 2045, 1, 5343.27, 549.224, 0.362, 5.939, 0, 0, 0, 0, 900, 100, 1),
(78705, 2045, 1, 5225.83, 599.208, 0.258, 5.433, 0, 0, 0, 0, 900, 100, 1),
(78706, 2045, 0, -1374, -662, 1.896, 5.511, 0, 0, 0, 0, 900, 100, 1),
(78707, 2045, 1, 5319.45, 558.24, 0.697, 0.116, 0, 0, 0, 0, 900, 100, 1),
(78708, 2045, 1, 5284.85, 573.599, 1.114, 6.175, 0, 0, 0, 0, 900, 100, 1),
(78709, 2045, 1, 3834.44, -6611, -1, 2.307, 0, 0, 0, 0, 900, 100, 1),
(78710, 2045, 1, 5205.96, 626.551, 0.877, 5.869, 0, 0, 0, 0, 900, 100, 1),
(78711, 2045, 1, 7421.31, 194.263, 4.809, 1.05, 0, 0, 0, 0, 900, 100, 1),
(78712, 2045, 0, -13251.6, 781.087, -8.26174, 2.75761, 0, 0, 0.981627, 0.190812, 900, 100, 1),
(78713, 2045, 0, 597.242, 303.634, 20.136, 0, 0, 0, -0.095846, 0.995396, 900, 100, 1),
(78714, 2045, 1, -792, -3976, 3.631, 2.21, 0, 0, 0, 0, 900, 100, 1),
(78715, 2045, 1, -520, 2610.03, 5.682, 0.54, 0, 0, 0, 0, 900, 100, 1),
(78716, 2045, 1, -1158, -4526, 0.298, 5.862, 0, 0, 0, 0, 900, 100, 1),
(78717, 2045, 1, 6221.55, 596.8, 0.04723, 2.189, 0, 0, 0, 0, 900, 100, 1),
(78718, 2045, 1, 3071.99, 555.67, 3.306, 2.288, 0, 0, 0, 0, 900, 100, 1),
(78719, 2045, 1, 2979.86, 534.173, 3.374, 4.624, 0, 0, 0, 0, 900, 100, 1),
(78720, 2045, 1, 6291.4, 920.296, 1.586, 1.675, 0, 0, 0, 0, 900, 100, 1),
(78721, 2045, 1, 7674.96, -624, 2.891, 0.689, 0, 0, 0, 0, 900, 100, 1),
(78722, 2045, 1, 3781.9, 1020.34, 0.667, 2.229, 0, 0, 0, 0, 900, 100, 1),
(78723, 2045, 1, 3940.1, 892.5, 0.697, 3.482, 0, 0, 0, 0, 900, 100, 1),
(78724, 2045, 1, -4699, 2366.34, 0.95328, 3.556, 0, 0, 0, 0, 900, 100, 1),
(78725, 2045, 1, -343, 2591.64, 3.083, 4.64, 0, 0, 0, 0, 900, 100, 1),
(78726, 2045, 1, -430, 2612.45, 1.899, 3.002, 0, 0, 0, 0, 900, 100, 1),
(78727, 2045, 1, 2133.73, -319, 95.053, 3.67, 0, 0, 0, 0, 900, 100, 1),
(78728, 2045, 1, 2142.59, -319, 98.746, 3.835, 0, 0, 0, 0, 900, 100, 1),
(78729, 2045, 0, -14872, 320.52, 0.409, 3.791, 0, 0, 0, 0, 900, 100, 1),
(78730, 2045, 1, -827, -3906, 0.657, 5.426, 0, 0, 0, 0, 900, 100, 1),
(78731, 2045, 0, -1115, 401.275, -43, 4.192, 0, 0, 0.865243, -0.501354, 900, 100, 1),
(78732, 2045, 0, -14674, 171.649, 0, 5.187, 0, 0, 0, 0, 900, 100, 1),
(78733, 2045, 1, 2649.48, -2848, 170.44, 5.331, 0, 0, 0, 0, 900, 100, 1),
(78734, 2045, 1, 2658.14, -2852, 172.005, 5.276, 0, 0, 0, 0, 900, 100, 1),
(78735, 2045, 1, -3964, 3026.87, 0.069, 4.742, 0, 0, 0, 0, 900, 100, 1),
(78736, 2045, 1, -4032, 2967.71, 0.002, 4.781, 0, 0, 0, 0, 900, 100, 1),
(78737, 2045, 1, -287, 2541.13, 0, 3.823, 0, 0, 0, 0, 900, 100, 1),
(78738, 2045, 1, 4278.14, -6788, 79.705, 5.853, 0, 0, 0, 0, 900, 100, 1),
(78739, 2045, 1, -1005, -4176, 1.237, 6.003, 0, 0, 0, 0, 900, 100, 1),
(78740, 2045, 0, -1292, 91.957, -47, 1.163, 0, 0, 0.549198, 0.835692, 900, 100, 1),
(78741, 2045, 0, 784.965, 160.289, 32.583, 5.366, 0, 0, 0, 0, 900, 100, 1),
(78742, 2045, 1, -4800, 2268.42, 0.301, 4.428, 0, 0, 0, 0, 900, 100, 1),
(78743, 2045, 1, 2915.69, -2761, 214.842, 3.635, 0, 0, 0, 0, 900, 100, 1),
(78744, 2045, 0, -14815, 445.322, 1.447, 2.621, 0, 0, 0, 0, 900, 100, 1),
(78745, 2045, 1, 5403.19, 534.461, 0.291, 0.002, 0, 0, 0, 0, 900, 100, 1),
(78746, 2045, 1, 3639.98, 961.673, 0.766, 4.377, 0, 0, 0, 0, 900, 100, 1),
(78747, 2045, 1, 3659.96, 988.997, 0.087, 6.026, 0, 0, 0, 0, 900, 100, 1),
(78748, 2045, 1, -1335, -3707, 95.589, 4.773, 0, 0, 0, 0, 900, 100, 1),
(78749, 2045, 1, 3756.43, 904.837, 0.042, 4.55, 0, 0, 0, 0, 900, 100, 1),
(78750, 2045, 1, 3082.36, 547.885, 2.98, 1.624, 0, 0, 0, 0, 900, 100, 1),
(78751, 2045, 1, 4288.73, -6735, 88.82, 0.756, 0, 0, 0, 0, 900, 100, 1),
(78752, 2045, 1, -5305, 3768.23, 0.149, 3.513, 0, 0, 0, 0, 900, 100, 1),
(78753, 2045, 1, 6965.43, 350.08, 2.588, 5.205, 0, 0, 0, 0, 900, 100, 1),
(78754, 2045, 1, -4810, 2254.22, 0.318, 4.003, 0, 0, 0, 0, 900, 100, 1),
(78755, 2045, 1, -5277, 3719.98, 0, 3.835, 0, 0, 0, 0, 900, 100, 1),
(78756, 2045, 0, -982, 311.422, 0.973, 0.591, 0, 0, 0, 0, 900, 100, 1),
(78757, 2045, 0, -3037.93, -916.914, -12.4024, 5.01634, 0, 0, 0, 0, 900, 100, 1),
(78758, 2045, 0, -2912.25, -999.585, -10.5843, 3.49266, 0, 0, 0, 0, 900, 100, 1),
(78759, 2045, 0, -2922.64, -984.453, -12.3432, 1.13726, 0, 0, 0, 0, 900, 100, 1),
(78760, 2045, 0, -2684.59, -1236.97, -12.058, 0.889074, 0, 0, 0, 0, 900, 100, 1),
(78761, 2045, 0, -2580.94, -1582.16, -9.74381, 0.899287, 0, 0, 0, 0, 900, 100, 1),
(78762, 2045, 0, -2516.76, -1687.61, -6.52556, 0.751633, 0, 0, 0, 0, 900, 100, 1),
(78763, 2045, 0, -3142.77, -892.162, -12.188, 1.38309, 0, 0, 0, 0, 900, 100, 1),
(78764, 2045, 0, -3196.57, -893.766, -11.5348, 1.28414, 0, 0, 0, 0, 900, 100, 1),
(78765, 2045, 0, -3281.22, -891.152, -11.5119, 1.78286, 0, 0, 0, 0, 900, 100, 1),
(78766, 2045, 0, -3365.24, -894.441, -10.7693, 3.51781, 0, 0, 0, 0, 900, 100, 1),
(78767, 2045, 0, -3362.67, -959.299, -9.87401, 4.293, 0, 0, 0, 0, 900, 100, 1),
(78768, 2045, 0, -3646.79, -658.191, -12.9027, 1.63678, 0, 0, 0, 0, 900, 100, 1),
(78769, 2045, 0, -3729.16, -664.615, -12.1949, 2.1952, 0, 0, 0, 0, 900, 100, 1),
(78770, 2045, 0, -3718.54, -606.296, -10.9116, 4.09587, 0, 0, 0, 0, 900, 100, 1),
(78771, 2045, 0, -3896.34, -654.288, -12.1582, 5.64074, 0, 0, 0, 0, 900, 100, 1),
(78772, 2045, 0, -3861.77, -715.225, -11.6047, 4.66763, 0, 0, 0, 0, 900, 100, 1),
(78773, 2045, 0, -3865.11, -924.076, -14.7573, 4.10843, 0, 0, 0, 0, 900, 100, 1),
(78774, 2045, 0, -3914.16, -828.988, -17.0246, 3.49346, 0, 0, 0, 0, 900, 100, 1),
(78775, 2045, 0, -11135.2, 2058.2, -3.55815, 3.42669, 0, 0, 0, 0, 900, 100, 1),
(78776, 2045, 0, -11090.2, 2124.47, -6.25101, 1.44828, 0, 0, 0, 0, 900, 100, 1),
(78777, 2045, 0, -10694.1, 2170.96, -7.07394, 0.892999, 0, 0, 0, 0, 900, 100, 1),
(78778, 2045, 0, -10419.2, 2150.38, -16.9324, 1.43257, 0, 0, 0, 0, 900, 100, 1),
(78779, 2045, 0, -10320.6, 2097.42, -4.8596, 0.980175, 0, 0, 0, 0, 900, 100, 1),
(78780, 2045, 0, -10136.6, 2067.84, -7.90885, 1.52445, 0, 0, 0, 0, 900, 100, 1),
(78781, 2045, 0, -9593.35, 1249.12, -5.58223, 5.30928, 0, 0, 0, 0, 900, 100, 1),
(78782, 2045, 0, -14953.7, 333.505, -27.6939, -0.872665, 0, 0, 0.422618, -0.906308, 900, 100, 1),
(78783, 2045, 0, -14848.1, 416.435, -11.4332, 1.76278, 0, 0, 0.771625, 0.636078, 900, 100, 1),
(78784, 2045, 0, -14344.1, -58.0907, -21.9027, -1.53589, 0, 0, 0.694658, -0.71934, 900, 100, 1),
(78785, 2045, 0, -14396.7, 14.4545, -9.31337, 2.09439, 0, 0, 0.866025, 0.5, 900, 100, 1),
(78786, 2045, 0, -11732.6, 1332.68, -9.04218, 0.698132, 0, 0, 0.34202, 0.939693, 900, 100, 1),
(78787, 2045, 0, -13870.9, -231.994, -5.23943, -0.593412, 0, 0, 0.292372, -0.956305, 900, 100, 1),
(78788, 2045, 0, -13595.2, 601.005, -25.8844, 0.575959, 0, 0, 0.284015, 0.95882, 900, 100, 1),
(78789, 2045, 0, -12253.2, 726.318, -65.8863, 2.32129, 0, 0, 0.91706, 0.398749, 900, 100, 1),
(78790, 2045, 1, -2429.43, -3976.55, -0.002669, 0.785398, 0, 0, 0.382683, 0.92388, 900, 100, 1),
(78791, 2045, 0, -12133.3, 1024.23, -6.8605, -1.46608, 0, 0, 0.669131, -0.743145, 900, 100, 1),
(78792, 2045, 0, -12050, 566.949, -15.5172, 3.10669, 0, 0, 0.999848, 0.017452, 900, 100, 1),
(78793, 2045, 1, -846.029, -4001.46, -35.1374, 0.296706, 0, 0, 0.147809, 0.989016, 900, 100, 1),
(78794, 2045, 0, -2625.47, -1382.11, -13.013, 1.16937, 0, 0, 0.551937, 0.833886, 900, 100, 1),
(78795, 2045, 0, -2499.31, -1646.44, -18.1167, -2.46091, 0, 0, 0.942641, -0.333807, 900, 100, 1),
(78796, 2045, 0, -2476.97, -1599.02, -28.1826, 1.01229, 0, 0, 0.48481, 0.87462, 900, 100, 1),
(78797, 2045, 0, -2588.7, -1428.89, -13.5747, 2.16421, 0, 0, 0.882948, 0.469472, 900, 100, 1),
(78798, 2045, 0, -2787.07, -1084.6, -10.2416, 0.383972, 0, 0, 0.190809, 0.981627, 900, 100, 1),
(78799, 2045, 0, -2716.76, -1004.08, -13.574, 0.244346, 0, 0, 0.121869, 0.992546, 900, 100, 1),
(78800, 2045, 0, -3251.27, -810.866, -12.7597, -2.67035, 0, 0, 0.97237, -0.233445, 900, 100, 1),
(78801, 2045, 0, -3682.4, -1183.56, -16.7963, -2.75762, 0, 0, 0.981627, -0.190809, 900, 100, 1),
(78802, 2045, 0, -3395.73, -894.167, -12.7264, 2.09439, 0, 0, 0.866025, 0.5, 900, 100, 1),
(78803, 2045, 0, -2858.3, -954.056, -12.9198, 0.558505, 0, 0, 0.275637, 0.961262, 900, 100, 1),
(78804, 2045, 0, -3941.92, -842.802, -17.5498, 2.61799, 0, 0, 0.965926, 0.258819, 900, 100, 1),
(78805, 2045, 0, -3685.6, -641.567, -10.7142, 1.69297, 0, 0, 0.748956, 0.66262, 900, 100, 1),
(78806, 2045, 1, -1705.89, -3975.65, -9.46198, -2.89725, 0, 0, 0.992546, -0.121869, 900, 100, 1),
(78807, 2045, 1, -2034.31, -3806.47, -5.20824, -1.78024, 0, 0, 0.777146, -0.62932, 900, 100, 1),
(78808, 2045, 1, -1966.58, -3819.36, -10.8832, -1.43117, 0, 0, 0.656059, -0.75471, 900, 100, 1),
(78809, 2045, 1, -995.097, -3919.5, -67.6566, 1.91986, 0, 0, 0.819152, 0.573576, 900, 100, 1),
(78810, 2045, 1, -1115.51, -3791.77, -20.584, -1.46608, 0, 0, 0.669131, -0.743145, 900, 100, 1),
(78811, 2045, 1, -1020.14, -3789.59, -24.4581, 2.46091, 0, 0, 0.942641, 0.333807, 900, 100, 1),
(78812, 2045, 1, -1299.33, -4067.18, -40.2812, 2.51327, 0, 0, 0.951057, 0.309017, 900, 100, 1),
(78813, 2045, 1, -1505.55, -4033.88, -15.2544, -2.96706, 0, 0, 0.996195, -0.087156, 900, 100, 1),
(78814, 2045, 1, 2215.95, -3022.04, 102.682, 3.47321, 0, 0, -0.986285, 0.16505, 300, 100, 1),
(78815, 2045, 0, -12476.1, 573.471, -68.107, 0.95993, 0, 0, 0.461748, 0.887011, 300, 100, 1),
(78816, 2045, 0, -12221.4, 589.087, -54.8489, 4.32842, 0, 0, -0.829037, 0.559194, 300, 100, 1),
(78817, 2045, 0, -12513.9, 742.732, -48.4631, 2.67035, 0, 0, 0.972369, 0.233448, 300, 100, 1),
(78818, 2045, 0, -13738.2, 843.827, -39.5209, 1.81514, 0, 0, 0.788011, 0.615662, 300, 100, 1),
(78819, 2045, 0, 1186.09, 48.5129, -8.37858, 0.0698117, 0, 0, 0.0348988, 0.999391, 300, 100, 1),
(78820, 2045, 0, 1287.22, 124.78, -11.3707, 6.24828, 0, 0, -0.0174522, 0.999848, 300, 100, 1),
(78821, 2045, 1, -1507.02, 3259.03, -40.4532, 0.663223, 0, 0, 0.325567, 0.945519, 300, 100, 1),
(78822, 2045, 1, -1104.8, 3202.93, -40.4406, 2.49582, 0, 0, 0.948323, 0.317306, 300, 100, 1),
(78823, 2045, 1, -955.076, 3084.12, -22.0212, 0.488691, 0, 0, 0.241921, 0.970296, 300, 100, 1),
(78824, 2045, 1, -594.512, 2750.96, -24.6668, 2.70526, 0, 0, 0.976295, 0.216442, 300, 100, 1),
(78825, 2045, 1, -213.363, 2652.13, -38.9283, 0.977383, 0, 0, 0.469471, 0.882948, 300, 100, 1),
(78826, 2045, 0, -3756.01, -1219.82, -30.9406, 6.14356, 0, 0, -0.0697556, 0.997564, 300, 100, 1),
(78827, 2045, 0, -3006.93, -887.282, -11.8492, 2.53072, 0, 0, 0.953716, 0.300708, 300, 100, 1),
(78828, 2045, 0, -3572.37, -1056.1, -14.5718, 3.10665, 0, 0, 0.999847, 0.0174693, 300, 100, 1),
(78829, 2045, 1, -1092.08, -3926.1, -66.4876, 5.20108, 0, 0, -0.515038, 0.857168, 300, 100, 1),
(78830, 2045, 1, -1583.17, -3992.43, -4.22765, 3.21142, 0, 0, -0.999391, 0.0349061, 300, 100, 1),
(78831, 2045, 0, -1041.86, 492.523, -11.6498, -0.820305, 0, 0, 0.398749, -0.91706, 900, 100, 1),
(78832, 2045, 0, -3946.65, -878.974, -13.3966, 2.44346, 0, 0, 0.939692, 0.34202, 300, 100, 1),
(78833, 2045, 0, -1264.06, 403.329, -25.6376, 1.85005, 0, 0, 0.798636, 0.601815, 900, 100, 1),
(78834, 2045, 0, -1113.05, -52.1462, -4.06643, -2.37365, 0, 0, 0.927184, -0.374607, 900, 100, 1),
(78835, 2045, 0, -12700.3, 33.8601, -15.6602, 5.60251, 0, 0, -0.333807, 0.942641, 300, 100, 1),
(78836, 2045, 0, -14685.5, 201.541, -18.1998, 4.03171, 0, 0, -0.902585, 0.430512, 300, 100, 1),
(78837, 2045, 0, -14900, 248.184, -17.7765, 3.61284, 0, 0, -0.972369, 0.233448, 300, 100, 1),
(78838, 2045, 0, -12617.1, 459.617, -57.7316, 1.39626, 0, 0, 0.642787, 0.766045, 300, 100, 1),
(78839, 2045, 0, -14515.7, 859.142, -46.9045, 1.98967, 0, 0, 0.83867, 0.54464, 300, 100, 1),
(78840, 2045, 0, 227.089, -4819.19, -19.5382, 6.03884, 0, 0, -0.121869, 0.992546, 300, 100, 1),
(78841, 2045, 1, -4028.73, 3024.21, -2.06751, 0.541051, 0, 0, 0.267238, 0.963631, 300, 100, 1),
(78842, 2045, 1, -5044.58, 3049.64, -36.145, 5.21854, 0, 0, -0.507538, 0.861629, 300, 100, 1),
(78843, 2045, 1, -5051.09, 3747.41, -13.16, 1.29154, 0, 0, 0.601814, 0.798636, 300, 100, 1),
(78844, 2045, 1, -4760.31, 2385.35, -12.5588, 5.70723, 0, 0, -0.284015, 0.95882, 300, 100, 1),
(78845, 2045, 1, -1283.71, -3921.82, -9.34849, 4.08407, 0, 0, -0.891006, 0.453991, 300, 100, 1),
(78846, 2045, 0, -1324.2, -610.357, -42.902, 5.86431, 0, 0, -0.207911, 0.978148, 300, 100, 1),
(78847, 2045, 0, -1486.25, -650.948, -43.182, 0.226892, 0, 0, 0.113203, 0.993572, 300, 100, 1),
(78848, 2045, 0, -1441.68, -615.168, -45.177, 1.46608, 0, 0, 0.66913, 0.743145, 300, 100, 1),
(78849, 2045, 0, -1545.85, -679.492, -47.4133, 3.45576, 0, 0, -0.987688, 0.156436, 300, 100, 1),
(78850, 2045, 0, -3346.15, -641.562, -14.7581, 5.8294, 0, 0, -0.224951, 0.97437, 300, 100, 1),
(78851, 2045, 0, -3526.34, -678.785, -12.1328, 0.174532, 0, 0, 0.0871553, 0.996195, 300, 100, 1),
(78852, 2045, 1, -4854.1, 2430.44, -38.6081, 3.21142, 0, 0, -0.999391, 0.0349061, 300, 100, 1),
(78853, 2045, 1, 6942.93, 514.999, -8.91144, 4.2237, 0, 0, -0.857167, 0.515038, 300, 100, 1),
(78854, 2045, 1, -1024.96, -4009.38, -70.7427, 5.67232, 0, 0, -0.300705, 0.953717, 300, 100, 1),
(78855, 2045, 1, -1873.83, -3822.75, -8.72529, 4.2237, 0, 0, -0.857167, 0.515038, 300, 100, 1),
(78856, 2045, 1, -1966.79, 3144.09, -13.1968, 3.29869, 0, 0, -0.996917, 0.0784664, 300, 100, 1),
(78857, 2045, 1, -1887.67, 3160.65, -33.8379, 1.13446, 0, 0, 0.537299, 0.843392, 300, 100, 1),
(78858, 2045, 1, 4341.05, -6369.84, -20.2832, 2.25147, 0, 0, 0.902585, 0.430512, 300, 100, 1),
(78859, 2045, 1, 4122.78, -6782.2, -14.0695, 1.53589, 0, 0, 0.694658, 0.71934, 300, 100, 1),
(78860, 2045, 0, -2523.04, -1413.89, -34.7353, 4.7822, 0, 0, -0.681998, 0.731354, 300, 100, 1),
(78861, 2045, 0, -1450.26, -715.607, -43.9909, 1.11701, 0, 0, 0.529919, 0.848048, 300, 100, 1),
(78862, 2045, 0, -3514.47, -597.227, -17.3902, 0.610863, 0, 0, 0.300705, 0.953717, 300, 100, 1),
(78863, 2045, 0, -3812.61, -585.994, -12.5451, 4.64258, 0, 0, -0.731354, 0.681998, 300, 100, 1),
(78864, 2045, 0, -3877.74, -960.628, -14.7171, 5.16618, 0, 0, -0.529919, 0.848048, 300, 100, 1),
(78865, 2045, 1, -1795.62, -3822.57, -6.41776, 5.06146, 0, 0, -0.573576, 0.819152, 300, 100, 1),
(78866, 2045, 1, 7161.86, 618.004, -15.1351, 5.60251, 0, 0, -0.333807, 0.942641, 300, 100, 1),
(78867, 2045, 0, -3859.09, -992.411, -16.97, 6.17847, 0, 0, -0.0523357, 0.99863, 300, 100, 1),
(78868, 2045, 1, 7083.13, 548.048, -15.6958, 1.13446, 0, 0, 0.537299, 0.843392, 300, 100, 1),
(78869, 2045, 1, 4719.94, 734.034, -4.43692, 5.3058, 0, 0, -0.469471, 0.882948, 300, 100, 1),
(78870, 2045, 0, -2740.34, -1026.76, -13.8492, 3.08918, 0, 0, 0.999657, 0.0262016, 300, 100, 1),
(78871, 2045, 1, 5096.73, 635.616, -14.2902, 3.49067, 0, 0, -0.984807, 0.173652, 300, 100, 1),
(78872, 2045, 1, -1402.41, -4051.17, -11.1311, 1.29154, 0, 0, 0.601814, 0.798636, 300, 100, 1),
(78873, 2045, 0, -12416.9, 749.594, -35.9542, 1.72787, 0, 0, 0.760406, 0.649449, 300, 100, 1),
(78874, 2045, 0, -599.362, -4761.99, -25.7426, 3.83973, 0, 0, -0.939692, 0.34202, 300, 100, 1),
(78875, 2045, 0, -12503.6, 231.236, -11.8243, 0.645772, 0, 0, 0.317305, 0.948324, 300, 100, 1),
(78876, 2045, 0, -13659.4, 694.493, -16.9346, 3.22886, 0, 0, -0.999048, 0.0436193, 300, 100, 1),
(78877, 2045, 0, -1105.3, -322.388, -6.03368, 3.9619, 0, 0, -0.91706, 0.39875, 300, 100, 1),
(78878, 2045, 0, -1169.07, -134.153, -42.2045, 4.7473, 0, 0, -0.694658, 0.71934, 300, 100, 1),
(78879, 2045, 0, -2641.34, -1442.62, -12.4426, 0.244346, 0, 0, 0.121869, 0.992546, 300, 100, 1),
(78880, 2045, 0, -2824.33, -910.341, -12.6657, 1.81514, 0, 0, 0.788011, 0.615662, 300, 100, 1),
(78881, 2045, 0, -3499.15, -515.982, -24.5927, 6.10865, 0, 0, -0.0871553, 0.996195, 300, 100, 1),
(78882, 2045, 0, -2539.89, -1574.41, -15.3704, 5.18363, 0, 0, -0.522498, 0.85264, 300, 100, 1),
(78883, 2045, 0, -3746.37, -1147.42, -32.052, 6.17847, 0, 0, -0.0523357, 0.99863, 300, 100, 1),
(78884, 2045, 0, -3683.3, -1085.2, -45.1089, 4.50295, 0, 0, -0.777145, 0.629321, 300, 100, 1),
(78885, 2045, 0, -3441.99, -784.958, -9.7096, 5.68977, 0, 0, -0.292372, 0.956305, 300, 100, 1),
(78886, 2045, 0, -3192.15, -886.947, -12.2207, 2.54818, 0, 0, 0.956305, 0.292372, 300, 100, 1),
(78887, 2045, 1, -4381.42, 2387.58, -14.8299, 3.15906, 0, 0, -0.999962, 0.00873464, 300, 100, 1),
(78888, 2045, 1, 3524.1, 1277.05, -67.2698, 4.10153, 0, 0, -0.887011, 0.461749, 300, 100, 1),
(78889, 2045, 1, 3615.29, 974.759, -2.47424, 5.07891, 0, 0, -0.566406, 0.824126, 300, 100, 1),
(78890, 2045, 0, -120.28, -4735.02, -24.48, 4.31097, 0, 0, -0.833885, 0.551938, 300, 100, 1),
(78891, 2045, 0, -645.925, -4777.93, -8.68316, 5.044, 0, 0, -0.580703, 0.814116, 300, 100, 1),
(78892, 2045, 0, -366.355, -4749.6, -25.055, 3.71755, 0, 0, -0.958819, 0.284016, 300, 100, 1),
(78893, 2045, 0, -442.294, -4808.89, -25.8227, 5.8294, 0, 0, -0.224951, 0.97437, 300, 100, 1),
(78894, 2045, 0, -1189.61, -408.038, -38.8643, 1.5708, 0, 0, 0.707107, 0.707107, 300, 100, 1),
(78895, 2045, 0, -12989.7, 714.903, -46.0731, 2.67035, 0, 0, 0.972369, 0.233448, 300, 100, 1),
(78896, 2045, 0, -13824.5, 756.112, -20.9001, 1.36136, 0, 0, 0.62932, 0.777146, 300, 100, 1),
(78897, 2045, 1, 2159.15, -2863.49, 105.558, 0.715585, 0, 0, 0.350207, 0.936672, 300, 100, 1),
(78898, 2045, 0, 396.026, -4747.28, -9.89115, 4.83456, 0, 0, -0.66262, 0.748956, 300, 100, 1),
(78899, 2045, 0, 12.7143, -4829.58, -17.039, 3.03684, 0, 0, 0.998629, 0.0523532, 300, 100, 1),
(78900, 2045, 1, -1094.5, -4025.29, -84.8971, 5.5676, 0, 0, -0.350207, 0.936672, 300, 100, 1),
(78901, 2045, 1, -1163.32, -4213.38, -9.56546, 0.383971, 0, 0, 0.190808, 0.981627, 300, 100, 1),
(78902, 2045, 0, -1486.52, -950.694, -38.6237, 2.18166, 0, 0, 0.887011, 0.461749, 300, 100, 1),
(78903, 2045, 0, -1153.4, -370.777, -36.5393, 4.88692, 0, 0, -0.642787, 0.766045, 300, 100, 1),
(78904, 2045, 0, -1147.72, -619.204, -44.5639, 4.59022, 0, 0, -0.748956, 0.66262, 300, 100, 1),
(78905, 2045, 0, -501.541, -4655.18, -7.51504, 0.366518, 0, 0, 0.182235, 0.983255, 300, 100, 1),
(78906, 2045, 0, 308.52, -4750.46, -11.8114, 4.38078, 0, 0, -0.814116, 0.580703, 300, 100, 1),
(78907, 2045, 0, 365.045, -4815.13, -12.0386, 5.32326, 0, 0, -0.461748, 0.887011, 300, 100, 1),
(78908, 2045, 0, -3317.57, -688.273, -11.7266, 5.86431, 0, 0, -0.207911, 0.978148, 300, 100, 1),
(78909, 2045, 0, -1248.61, -706.6, -43.3916, 4.13643, 0, 0, -0.878817, 0.47716, 300, 100, 1),
(78910, 2045, 0, 458.723, -4765.3, -8.45733, 1.11701, 0, 0, 0.529919, 0.848048, 300, 100, 1),
(78911, 2045, 0, 512.802, -4788.54, -8.23382, 4.18879, 0, 0, -0.866025, 0.500001, 300, 100, 1),
(78912, 2045, 0, -418.383, -4633, -10.4412, 2.1293, 0, 0, 0.874619, 0.48481, 300, 100, 1),
(78913, 2045, 0, -12383.1, 642.023, -63.2243, 0.366518, 0, 0, 0.182235, 0.983255, 300, 100, 1),
(78914, 2045, 0, -12476.5, 425.215, -21.1171, 4.53786, 0, 0, -0.766044, 0.642789, 300, 100, 1),
(78915, 2045, 0, -216.165, -4848.26, -12.7663, 2.3911, 0, 0, 0.930417, 0.366502, 300, 100, 1),
(78916, 2045, 1, 2443.87, -2849.66, 137.224, 3.4383, 0, 0, -0.989016, 0.147811, 300, 100, 1),
(78917, 2045, 1, 6862.82, 920.631, -42.4513, 0.506145, 0, 0, 0.25038, 0.968148, 300, 100, 1),
(78918, 2045, 1, 3734.52, 1031.99, -9.91627, 1.16937, 0, 0, 0.551936, 0.833886, 300, 100, 1),
(78919, 2045, 1, -4084.1, 2883.71, -20.2978, 5.79449, 0, 0, -0.241921, 0.970296, 300, 100, 1),
(78920, 2045, 1, 4008.57, 969.902, -4.52686, 1.13446, 0, 0, 0.537299, 0.843392, 300, 100, 1),
(78921, 2045, 0, -13599.8, 498.125, -35.318, 1.71042, 0, 0, 0.754709, 0.656059, 300, 100, 1),
(78922, 2045, 1, 3610.39, 897.874, -2.06501, 3.00195, 0, 0, 0.997563, 0.0697661, 300, 100, 1),
(78923, 2045, 0, 1286.95, 225.642, -6.62013, 0.855211, 0, 0, 0.414693, 0.909961, 300, 100, 1),
(78924, 2045, 1, -1016.73, -4092.58, -38.4459, 2.30383, 0, 0, 0.913545, 0.406738, 300, 100, 1),
(78925, 2045, 0, -11825.1, 1133.24, -32.5217, 3.10665, 0, 0, 0.999847, 0.0174693, 300, 100, 1),
(78926, 2045, 0, -1253.59, -844.229, -5.48905, 4.93928, 0, 0, -0.622514, 0.782609, 300, 100, 1),
(78927, 2045, 1, 2285.43, -2899.01, 123.223, 0.488691, 0, 0, 0.241921, 0.970296, 300, 100, 1),
(78928, 2045, 0, -12066.3, 726.439, -17.8329, 3.10665, 0, 0, 0.999847, 0.0174693, 300, 100, 1),
(78929, 2045, 0, -11453.1, 1813.91, -4.72884, 5.44543, 0, 0, -0.406736, 0.913546, 300, 100, 1),
(78930, 2045, 0, -11421.5, 2014.61, -22.1962, 2.28638, 0, 0, 0.909961, 0.414694, 300, 100, 1),
(78931, 2045, 0, -11127, 2091.78, -6.63062, 4.41568, 0, 0, -0.803857, 0.594823, 300, 100, 1),
(78932, 2045, 0, -10800.7, 2136.42, -4.88381, 2.37364, 0, 0, 0.927183, 0.374608, 300, 100, 1),
(78933, 2045, 0, -9548.87, 1189.46, -19.0537, 4.06662, 0, 0, -0.894934, 0.446199, 300, 100, 1),
(78934, 2045, 0, -2716.56, -1138.35, -6.98731, 5.5676, 0, 0, -0.350207, 0.936672, 300, 100, 1),
(78935, 2045, 1, 3673.9, 1086.99, -11.7448, 2.65289, 0, 0, 0.970295, 0.241925, 300, 100, 1),
(78936, 2045, 0, -2745.02, -1074.81, -10.3433, 5.88176, 0, 0, -0.199368, 0.979925, 300, 100, 1),
(78937, 2045, 0, -3657.56, -540.877, -17.6931, 6.19592, 0, 0, -0.0436192, 0.999048, 300, 100, 1),
(78938, 2045, 1, 7438.31, -385.302, -26.4597, 2.14675, 0, 0, 0.878817, 0.47716, 300, 100, 1),
(78939, 2045, 1, 4075.7, 941.426, -1.48411, 1.6057, 0, 0, 0.719339, 0.694659, 300, 100, 1),
(78940, 2045, 1, 3045, 551.364, -1.96567, 0.575957, 0, 0, 0.284015, 0.95882, 300, 100, 1),
(78941, 2045, 0, -10690.1, 2180.92, -9.37201, 4.13643, 0, 0, -0.878817, 0.47716, 300, 100, 1),
(78942, 2045, 0, -10120.3, 2109.93, -18.539, 0.401425, 0, 0, 0.199368, 0.979925, 300, 100, 1),
(78943, 2045, 0, -11083.7, 2150.16, -10.6211, 6.03884, 0, 0, -0.121869, 0.992546, 300, 100, 1),
(78944, 2045, 0, -11264.9, 2037.54, -3.9782, 2.77507, 0, 0, 0.983254, 0.182238, 300, 100, 1),
(78945, 2045, 0, -11425.1, 1873.62, -14.6076, 3.90954, 0, 0, -0.927183, 0.374608, 300, 100, 1),
(78946, 2045, 0, -11513.3, 1688.23, -9.08386, 5.98648, 0, 0, -0.147809, 0.989016, 300, 100, 1),
(78947, 2045, 1, -2499.76, -4033.33, -8.77919, 3.194, 0, 0, -0.999657, 0.0262016, 300, 100, 1),
(78948, 2045, 1, -3238.11, -3382.49, -1.51944, 1.22173, 0, 0, 0.573576, 0.819152, 900, 100, 1),
(78949, 2045, 1, -1194.27, -3840.6, -15.7948, 0.20944, 0, 0, 0.104528, 0.994522, 900, 100, 1),
(78950, 2045, 1, -139.563, 2382.37, -27.3656, -2.02458, 0, 0, 0.848048, -0.529919, 900, 100, 1),
(78951, 2045, 1, -1921.45, 3312.82, -70.0786, -0.10472, 0, 0, 0.052336, -0.99863, 900, 100, 1),
(78952, 2045, 1, -2014.64, 3244.24, -31.9593, 0.663225, 0, 0, 0.325568, 0.945519, 900, 100, 1),
(78953, 2045, 1, -1871.19, 3396.33, -70.1769, -1.95477, 0, 0, 0.829038, -0.559193, 900, 100, 1),
(78954, 2045, 1, -418.43, 2789.23, -28.9977, -1.93731, 0, 0, 0.824126, -0.566406, 900, 100, 1),
(78955, 2045, 1, -92.348, 2822.52, -44.5401, 0.139626, 0, 0, 0.069756, 0.997564, 900, 100, 1),
(78956, 2045, 1, -170.591, 2477.28, -32.982, -1.11701, 0, 0, 0.529919, -0.848048, 900, 100, 1),
(78957, 2045, 1, -1991.5, 3390.62, -80.1426, 1.79769, 0, 0, 0.782608, 0.622515, 300, 100, 1),
(78958, 2045, 1, -1970.76, 3437.42, -45.2902, 5.60251, 0, 0, -0.333807, 0.942641, 300, 100, 1),
(78959, 2045, 1, -2078.35, 3315.42, -45.7561, 4.55531, 0, 0, -0.760406, 0.649449, 300, 100, 1),
(78960, 2045, 1, -1704.58, 3391.2, -70.1595, 0.0698117, 0, 0, 0.0348988, 0.999391, 300, 100, 1),
(78961, 2045, 1, -377.632, 2730.15, -23.145, 4.11898, 0, 0, -0.882947, 0.469473, 300, 100, 1),
(78962, 2045, 1, 278.958, 2765.91, -24.0204, 5.88176, 0, 0, -0.199368, 0.979925, 300, 100, 1),
(78963, 2045, 1, -277.718, 2798.71, -10.3644, 5.28835, 0, 0, -0.477159, 0.878817, 300, 100, 1),
(78964, 2045, 1, -1750.7, 3341.58, -45.1189, 1.37881, 0, 0, 0.636078, 0.771625, 300, 100, 1),
(78965, 2045, 1, -1899.93, 3232.72, -43.6753, 4.32842, 0, 0, -0.829037, 0.559194, 300, 100, 1),
(78966, 2045, 1, -911.403, -4010.55, -54.0648, 1.25664, 0, 0, 0.587785, 0.809017, 900, 100, 1),
(78967, 2045, 1, -1043.93, -4187.63, -32.8391, 1.0472, 0, 0, 0.5, 0.866025, 900, 100, 1),
(78968, 2045, 0, -13434.2, 812.866, -6.68726, 1.67552, 0, 0, 0.743145, 0.669131, 900, 100, 1),
(78969, 2045, 0, -13056.3, 522.983, -21.8572, 2.02458, 0, 0, 0.848048, 0.529919, 900, 100, 1),
(78970, 2045, 0, -14143.6, 530.425, -15.8463, -0.977384, 0, 0, 0.469472, -0.882948, 900, 100, 1),
(78971, 2045, 0, -12420.1, 333.587, -19.0185, -2.42601, 0, 0, 0.936672, -0.350207, 900, 100, 1),
(78972, 2045, 0, -12532.9, 330.768, -42.6405, 1.93731, 0, 0, 0.824126, 0.566406, 900, 100, 1),
(78973, 2045, 0, -12299.6, 399.688, -17.0721, -1.81514, 0, 0, 0.788011, -0.615661, 900, 100, 1),
(78974, 2045, 1, -1120.27, -4148.3, -67.1948, 0.453785, 0, 0, 0.224951, 0.97437, 300, 100, 1),
(78975, 2045, 0, -12320.9, 438.169, -30.6961, 0.0698117, 0, 0, 0.0348988, 0.999391, 300, 100, 1),
(78976, 2045, 0, -13352.9, 819.383, -7.56789, -3.05433, 0, 0, 0.999048, -0.043619, 900, 100, 1),
(78977, 2045, 0, -13200.9, 566.285, -13.3525, 2.26893, 0, 0, 0.906308, 0.422618, 900, 100, 1),
(78978, 2045, 0, -12966.9, 499.994, -1.77646, -1.76278, 0, 0, 0.771625, -0.636078, 900, 100, 1),
(78979, 2045, 0, -12591.2, 251.22, -39.6461, -2.40855, 0, 0, 0.93358, -0.358368, 900, 100, 1),
(78980, 2045, 0, -13138.7, 535.828, -26.0268, 0.349065, 0, 0, 0.173648, 0.984808, 300, 100, 1),
(78981, 2045, 0, -12712.3, 199.339, -11.1717, 0.0174525, 0, 0, 0.00872612, 0.999962, 300, 100, 1),
(78982, 2045, 1, 6300.8, 655.543, -16.6708, 1.22173, 0, 0, 0.573576, 0.819152, 900, 100, 1),
(78983, 2045, 1, 6643.83, 750.378, -14.2264, -3.01942, 0, 0, 0.998135, -0.061048, 900, 100, 1),
(78984, 2045, 1, 5666.41, 552.479, -2.61341, -1.27409, 0, 0, 0.594823, -0.803857, 900, 100, 1),
(78985, 2045, 1, 5397.28, 565.987, -6.86503, 0.331613, 0, 0, 0.165048, 0.986286, 900, 100, 1),
(78986, 2045, 1, 4954.72, 646.754, -15.7999, 3.00197, 0, 0, 0.997564, 0.069757, 900, 100, 1),
(78987, 2045, 1, 4292.18, 970.887, -22.6644, 0.191986, 0, 0, 0.095846, 0.995396, 900, 100, 1),
(78988, 2045, 1, 3973.28, 919.047, -5.25137, -0.471239, 0, 0, 0.233445, -0.97237, 900, 100, 1),
(78989, 2045, 1, 6249.11, 786.109, -11.7111, 0.750491, 0, 0, 0.366501, 0.930418, 300, 100, 1),
(78990, 2045, 0, -10044.3, 1997.39, -6.45574, 3.03687, 0, 0, 0.99863, 0.052336, 900, 100, 1),
(78991, 2045, 0, -10180.1, 2084.07, -9.03643, 2.44346, 0, 0, 0.939693, 0.34202, 900, 100, 1),
(78992, 2045, 0, -14088.1, 525.152, -35.922, 0.593412, 0, 0, 0.292372, 0.956305, 900, 100, 1),
(78993, 2045, 0, -14057.4, 602.716, -36.1396, 0.750492, 0, 0, 0.366501, 0.930418, 900, 100, 1),
(78994, 2045, 0, -14073, 853.465, -59.9112, -1.79769, 0, 0, 0.782608, -0.622515, 900, 100, 1),
(78995, 2045, 0, -13901.9, 857.129, -53.6328, 4.92183, 0, 0, -0.62932, 0.777146, 300, 100, 1),
(78996, 2045, 0, -3820.83, -690.69, -11.6346, 2.84489, 0, 0, 0.989016, 0.147809, 900, 100, 1),
(78997, 2045, 0, -10510.5, 2153.03, -12.7309, -2.96706, 0, 0, 0.996195, -0.087156, 900, 100, 1),
(78998, 2045, 0, -10283.1, 2098.84, -9.46596, -0.628319, 0, 0, 0.309017, -0.951056, 900, 100, 1),
(78999, 2045, 0, -10078.2, 2046.95, -12.5141, -0.663225, 0, 0, 0.325568, -0.945519, 900, 100, 1),
(79000, 2045, 0, -10349.7, 2300.16, -44.4406, 0.558505, 0, 0, 0.275637, 0.961262, 900, 100, 1),
(79001, 2045, 0, -9615.35, 1612.86, -2.8987, 0.017453, 0, 0, 0.008727, 0.999962, 900, 100, 1),
(79002, 2045, 0, -9911.14, 1916.8, -7.46602, 2.6529, 0, 0, 0.970296, 0.241922, 900, 100, 1),
(79003, 2045, 0, -9852.55, 1853.62, -7.98479, 4.83456, 0, 0, -0.66262, 0.748956, 300, 100, 1),
(79004, 2045, 0, -11024.1, 2114.27, -5.42915, 0.383972, 0, 0, 0.190809, 0.981627, 900, 100, 1),
(79005, 2045, 1, 5990.36, 779.264, -16.601, -1.88496, 0, 0, 0.809017, -0.587785, 900, 100, 1),
(79006, 2045, 1, 5948.04, 879.9, -12.8162, 2.19911, 0, 0, 0.891006, 0.453991, 300, 100, 1),
(79007, 2045, 1, 6459.84, 694.331, -35.396, -2.25148, 0, 0, 0.902585, -0.430511, 900, 100, 1),
(79008, 2045, 1, 6133.21, 600.884, -7.72176, -0.087267, 0, 0, 0.04362, -0.999048, 900, 100, 1),
(79009, 2045, 1, 5265.87, 615.337, -10.8252, 0.244346, 0, 0, 0.121869, 0.992546, 900, 100, 1),
(79010, 2045, 1, 4594.34, 834.275, -8.53328, -2.89725, 0, 0, 0.992546, -0.121869, 900, 100, 1),
(79011, 2045, 1, 1902.56, -1242.19, 65.2825, 2.3911, 0, 0, 0.930418, 0.366501, 900, 100, 1),
(79012, 2045, 0, -12976.8, 516.376, -7.23011, -0.296706, 0, 0, 0.147809, -0.989016, 900, 100, 1),
(79013, 2045, 0, -12818.7, 508.625, -5.3383, -0.314159, 0, 0, 0.156434, -0.987688, 900, 100, 1),
(79014, 2045, 0, -12885, 524.078, -9.65929, -2.87979, 0, 0, 0.991445, -0.130526, 900, 100, 1),
(79015, 2045, 0, -12690.2, 481.88, -28.4652, 6.26573, 0, 0, -0.00872612, 0.999962, 300, 100, 1),
(79016, 2045, 0, -3922.7, -750.731, -16.4427, -2.74017, 0, 0, 0.979925, -0.199368, 900, 100, 1),
(79017, 2045, 0, -3975.57, -814.71, -15.7574, -0.139626, 0, 0, 0.069756, -0.997564, 900, 100, 1),
(79018, 2045, 0, -4068.29, -772.081, -15.1726, 3.49067, 0, 0, -0.984807, 0.173652, 300, 100, 1),
(79019, 2045, 0, -2586.9, -1507.23, -14.0206, 0.314159, 0, 0, 0.156434, 0.987688, 900, 100, 1),
(79020, 2045, 0, 530.479, 451.559, 15.8327, -0.994838, 0, 0, 0.477159, -0.878817, 900, 100, 1),
(79021, 2045, 0, -2628.22, -1494.79, -10.4608, 3.4034, 0, 0, -0.991445, 0.130528, 300, 100, 1),
(79022, 2045, 0, -4040.65, -783.567, -13.2906, 0.122173, 0, 0, 0.0610485, 0.998135, 300, 100, 1),
(79023, 2045, 0, -14021.3, 678.831, -36.2025, -1.18682, 0, 0, 0.559193, -0.829037, 900, 100, 1),
(79024, 2045, 0, -14094.5, 764.343, -35.9106, 2.6529, 0, 0, 0.970296, 0.241922, 900, 100, 1),
(79025, 2045, 1, -1234.9, -4029.82, -22.9658, 0.872665, 0, 0, 0.422618, 0.906308, 900, 100, 1),
(79026, 2045, 1, -1226.13, -4110.12, -80.8536, 0.017453, 0, 0, 0.008727, 0.999962, 900, 100, 1),
(79027, 2045, 1, -1153.03, -4052.26, -79.2146, 5.88176, 0, 0, -0.199368, 0.979925, 300, 100, 1),
(79028, 2045, 0, -13897.6, 765.022, -21.7174, 4.34587, 0, 0, -0.824126, 0.566406, 300, 100, 1),
(79029, 2045, 1, -942.918, -3814.59, -21.18, 0.034907, 0, 0, 0.017452, 0.999848, 900, 100, 1),
(79030, 2045, 1, -1197.13, -3962.99, -13.6481, 6.03884, 0, 0, -0.121869, 0.992546, 300, 100, 1),
(79031, 2045, 1, 2655.71, -2826.17, 162.807, 1.44862, 0, 0, 0.66262, 0.748956, 900, 100, 1),
(79032, 2045, 1, 4867.08, 799.838, -9.09855, -2.98451, 0, 0, 0.996917, -0.078459, 900, 100, 1),
(79033, 2045, 1, 4812.9, 833.845, -7.73045, 3.61284, 0, 0, -0.972369, 0.233448, 300, 100, 1),
(79034, 2045, 1, 4506.33, 792.851, -12.08, 0.244346, 0, 0, 0.121869, 0.992546, 900, 100, 1),
(79035, 2045, 0, -13232.7, 634.259, -15.0641, 1.58825, 0, 0, 0.71325, 0.700909, 900, 100, 1),
(79036, 2045, 0, -13443.5, 858.717, -17.5163, -1.81514, 0, 0, 0.788011, -0.615661, 900, 100, 1),
(79037, 2045, 0, -13168.1, 712.903, -17.1304, 3.927, 0, 0, -0.923879, 0.382686, 300, 100, 1),
(79038, 2045, 0, -13431.5, 891.744, -14.6987, 5.16618, 0, 0, -0.529919, 0.848048, 300, 100, 1),
(79039, 2045, 1, -1650.07, -4063.6, -0.348229, -2.93215, 0, 0, 0.994522, -0.104529, 900, 100, 1),
(79040, 2045, 1, -1777.78, -4268.3, -18.2424, 2.79252, 0, 0, 0.984807, 0.173652, 300, 100, 1),
(79041, 2045, 1, -1675.68, -4438.51, -15.0827, 3.85718, 0, 0, -0.936671, 0.35021, 300, 100, 1),
(79042, 2045, 0, -3940.99, -592.529, -10.591, -2.77507, 0, 0, 0.983255, -0.182235, 900, 100, 1),
(79043, 2045, 0, -4089.89, -634.874, -12.8446, 6.0912, 0, 0, -0.0958452, 0.995396, 300, 100, 1),
(79044, 2045, 0, -3796.78, -1050.54, -32.052, -1.13446, 0, 0, 0.5373, -0.843391, 900, 100, 1),
(79045, 2045, 0, -3623, -1010.74, -32.052, 2.91469, 0, 0, 0.993571, 0.113208, 300, 100, 1),
(79046, 2045, 0, -3800.95, -1161.6, -20.5933, 5.49779, 0, 0, -0.382683, 0.92388, 300, 100, 1),
(79047, 2045, 1, 5921.83, 566.67, -1.87616, 2.02458, 0, 0, 0.848048, 0.529919, 900, 100, 1),
(79048, 2045, 0, -12138.3, 469.575, -30.1143, 0.890118, 0, 0, 0.430511, 0.902585, 900, 100, 1),
(79049, 2045, 0, -2631.51, -1035.74, -46.6925, 1.13446, 0, 0, 0.5373, 0.843391, 900, 100, 1),
(79050, 2045, 0, -2627.82, -1190.51, -14.4644, -0.226893, 0, 0, 0.113203, -0.993572, 900, 100, 1),
(79051, 2045, 1, 4665.89, 828.601, -3.69986, -0.750491, 0, 0, 0.366501, -0.930418, 900, 100, 1),
(79052, 2045, 1, 4009.1, 1322.32, -25.2673, -1.23918, 0, 0, 0.580703, -0.814116, 900, 100, 1),
(79053, 2045, 1, 3920.55, 1185.61, -46.4731, 2.14675, 0, 0, 0.878817, 0.47716, 300, 100, 1),
(79054, 2045, 1, 4057.86, 1248.01, -28.0978, 0.733038, 0, 0, 0.358368, 0.93358, 300, 100, 1),
(79055, 2045, 0, -2655.07, -1339.36, -12.6774, -1.48353, 0, 0, 0.67559, -0.737277, 900, 100, 1),
(79056, 2045, 1, 4499.15, 932.683, -6.90451, 1.20428, 0, 0, 0.566406, 0.824126, 900, 100, 1),
(79057, 2045, 1, 4054.45, 891.98, -1.3679, -0.087267, 0, 0, 0.04362, -0.999048, 900, 100, 1),
(79058, 2045, 0, -1325.19, -554.179, -39.0349, 1.81514, 0, 0, 0.788011, 0.615662, 900, 100, 1),
(79059, 2045, 0, -1323.75, -478.575, -48.8598, 3.94445, 0, 0, -0.920505, 0.390732, 300, 100, 1),
(79060, 2045, 0, 319.586, 1985.36, -36.0766, -2.44346, 0, 0, 0.939693, -0.34202, 900, 100, 1),
(79061, 2045, 0, 848.158, 1960.73, -7.93733, -1.69297, 0, 0, 0.748956, -0.66262, 900, 100, 1),
(79062, 2045, 0, 619.406, 1954.03, -20.8516, -1.23918, 0, 0, 0.580703, -0.814116, 900, 100, 1),
(79063, 2045, 0, 917.13, 1993.14, -4.2409, -0.837758, 0, 0, 0.406737, -0.913545, 900, 100, 1),
(79064, 2045, 0, 529.272, 633.311, 10.2678, -2.79253, 0, 0, 0.984808, -0.173648, 900, 100, 1),
(79065, 2045, 0, -366.25, 1783.86, -15.3409, 1.65806, 0, 0, 0.737277, 0.67559, 900, 100, 1),
(79066, 2045, 0, -417.752, 1724.76, -4.57706, -1.41372, 0, 0, 0.649448, -0.760406, 900, 100, 1),
(79067, 2045, 0, -9705.45, 1738.62, -16.9369, 1.64061, 0, 0, 0.731354, 0.681998, 900, 100, 1),
(79068, 2045, 0, -10576.6, 2132.65, -5.98227, -1.78024, 0, 0, 0.777146, -0.62932, 900, 100, 1),
(79069, 2045, 0, -9765.43, 1841.31, -16.9369, -0.191986, 0, 0, 0.095846, -0.995396, 900, 100, 1),
(79070, 2045, 0, -10913.7, 2149.42, -3.98935, 2.94961, 0, 0, 0.995396, 0.095846, 900, 100, 1),
(79071, 2045, 0, 1299.25, 394.809, 10.5615, -1.74533, 0, 0, 0.766044, -0.642788, 900, 100, 1),
(79072, 2045, 1, 2480.47, -2347.46, 134.289, -2.96706, 0, 0, 0.996195, -0.087156, 900, 100, 1),
(79073, 2045, 1, 4216.95, 1396.37, -9.25754, -1.51844, 0, 0, 0.688354, -0.725374, 900, 100, 1),
(79074, 2045, 1, 3877.58, 950.202, -6.18378, -2.98451, 0, 0, 0.996917, -0.078459, 900, 100, 1),
(79075, 2045, 1, 2303.81, -2812.27, 123.216, -2.98451, 0, 0, 0.996917, -0.078459, 900, 100, 1),
(79076, 2045, 1, 3786.61, 983.335, -5.52569, -2.18166, 0, 0, 0.887011, -0.461749, 900, 100, 1),
(79077, 2045, 1, 2775.87, -2732.12, 191.541, -0.453786, 0, 0, 0.224951, -0.97437, 900, 100, 1),
(79078, 2045, 1, 3911.83, 889.685, -4.77806, 2.79253, 0, 0, 0.984808, 0.173648, 900, 100, 1),
(79079, 2045, 1, 4333.89, 866.904, -20.8352, 1.3439, 0, 0, 0.622515, 0.782608, 900, 100, 1),
(79080, 2045, 1, 1910.71, -1069.01, 66.9827, -1.01229, 0, 0, 0.48481, -0.87462, 900, 100, 1),
(79081, 2045, 1, 3972.18, -5985.87, -17.1093, 2.00713, 0, 0, 0.843391, 0.5373, 900, 100, 1),
(79082, 2045, 1, 3509.02, -6132.71, -18.5853, 2.46091, 0, 0, 0.942641, 0.333807, 900, 100, 1),
(79083, 2045, 1, 2250.08, -7123.27, -14.9405, -2.87979, 0, 0, 0.991445, -0.130526, 900, 100, 1),
(79084, 2045, 1, 4969.62, 732.893, -10.2441, 1.91986, 0, 0, 0.819152, 0.573576, 900, 100, 1),
(79085, 2045, 1, 4800.42, 899.741, -13.6434, -1.65806, 0, 0, 0.737277, -0.67559, 900, 100, 1),
(79086, 2045, 1, 4633.67, 933.599, -8.19197, 2.86234, 0, 0, 0.990268, 0.139173, 900, 100, 1),
(79087, 2045, 1, 5533.31, 599.353, -8.5198, -2.1293, 0, 0, 0.87462, -0.48481, 900, 100, 1),
(79088, 2045, 1, 5829.67, 603.885, -34.5131, 2.44346, 0, 0, 0.939693, 0.34202, 900, 100, 1),
(79089, 2045, 1, 6767.09, 566.236, -9.5148, 0.244346, 0, 0, 0.121869, 0.992546, 900, 100, 1),
(79090, 2045, 1, 7218.25, 378.897, -12.8763, -2.11185, 0, 0, 0.870356, -0.492423, 900, 100, 1),
(79091, 2045, 1, 5977.26, 984.857, -24.8214, 0.750492, 0, 0, 0.366501, 0.930418, 900, 100, 1),
(79092, 2045, 1, 4036.03, -6188.35, -9.22396, 3.76991, 0, 0, -0.951056, 0.309017, 300, 100, 1),
(79093, 2045, 1, 3790.65, -6209.3, -14.8562, 5.60251, 0, 0, -0.333807, 0.942641, 300, 100, 1),
(79094, 2045, 1, -5036.87, 2280.4, -40.0308, -1.6057, 0, 0, 0.71934, -0.694658, 900, 100, 1),
(79095, 2045, 1, -5056.61, 3546.61, -6.59211, 0.733038, 0, 0, 0.358368, 0.93358, 900, 100, 1),
(79096, 2045, 1, -3949.81, 2752.32, -1.79809, 0.226893, 0, 0, 0.113203, 0.993572, 900, 100, 1),
(79097, 2045, 1, -4240.9, 2440.17, -6.63346, 2.74017, 0, 0, 0.979925, 0.199368, 900, 100, 1),
(79098, 2045, 1, -4187.1, 2592.7, -7.59936, 0.209439, 0, 0, 0.104528, 0.994522, 300, 100, 1),
(79099, 2045, 1, -1793.49, -3918.55, -6.77385, 0.994837, 0, 0, 0.477158, 0.878817, 900, 255, 1),
(79100, 2045, 1, -2091.73, -3852.34, -12.8847, 1.37881, 0, 0, 0.636078, 0.771625, 900, 255, 1),
(79101, 2045, 1, -2135.63, -3901.4, -8.63047, 4.93928, 0, 0, -0.622514, 0.782609, 900, 255, 1),
(79102, 2045, 1, -2629.75, -4240.07, -2.59265, 5.06146, 0, 0, -0.573576, 0.819152, 900, 255, 1),
(79103, 2045, 1, -3620.14, -4055.11, -3.78779, 0.523598, 0, 0, 0.258819, 0.965926, 900, 255, 1),
(79104, 2045, 1, -4387.63, -4101.15, -6.98725, 4.2237, 0, 0, -0.857167, 0.515038, 900, 255, 1),
(79105, 2045, 1, -2972.05, -4273.76, -4.45722, 5.42797, 0, 0, -0.414693, 0.909961, 300, 100, 1),
(79106, 2045, 1, -2666.74, -4205.86, -0.785061, 4.83456, 0, 0, -0.66262, 0.748956, 300, 100, 1),
(79107, 2045, 1, -5043.81, 3413.84, -4.43305, 0.95993, 0, 0, 0.461748, 0.887011, 45, 100, 1);

-- Black Lotus (176589)
DELETE FROM `pool_template` WHERE `entry`=11653;
DELETE FROM `pool_gameobject` WHERE `pool_entry`=11653;

DELETE FROM `gameobject` WHERE `guid` IN (20263,20264,20265,20266,20267,20268,20269,20270,20271,20272,20273,20274,20275,20276,20277,20278,20279,20280,20281,20282,20283,20284,20285,20286,20287,20288,20289,20290,20291,20292,20293,20294,20295,20296,20297,20298,20299,20300,20301,20302,20303,20304,20305,20306,20307,33420,45837,49139,49412,63727,63728,65290,86503,86504,87316);
DELETE FROM `pool_gameobject` WHERE `guid` IN (20263,20264,20265,20266,20267,20268,20269,20270,20271,20272,20273,20274,20275,20276,20277,20278,20279,20280,20281,20282,20283,20284,20285,20286,20287,20288,20289,20290,20291,20292,20293,20294,20295,20296,20297,20298,20299,20300,20301,20302,20303,20304,20305,20306,20307,33420,45837,49139,49412,63727,63728,65290,86503,86504,87316);

DELETE FROM `gameobject` WHERE `guid` BETWEEN 8216 AND 8255;
INSERT INTO `gameobject` (`guid`, `id`, `map`, `position_x`, `position_y`, `position_z`, `orientation`, `rotation0`, `rotation1`, `rotation2`, `rotation3`, `spawntimesecs`, `animprogress`, `state`) VALUES
(8216, 176589, 1, -6503.46, 1821.45, 3.628, 6.23204, 0, 0, 0.0255687, -0.999673, 3600, 100, 1),
(8217, 176589, 1, -7046.27, 1135.97, 5.381, 3.43208, 0, 0, 0.98947, -0.144736, 3600, 100, 1),
(8218, 176589, 1, -7202.8, 342.116, 39.658, 6.04744, 0, 0, 0.1176, -0.993061, 3600, 100, 1),
(8219, 176589, 1, -7126.82, 742.405, 10.661, 2.58383, 0, 0, 0.961365, 0.275278, 3600, 100, 1),
(8220, 176589, 1, -7893.4, 374.002, -38.107, 5.06174, 0, 0, 0.57346, -0.819233, 3600, 100, 1),
(8221, 176589, 1, -7933.84, 1167.59, 2.253, 2.4071, 0, 0, 0.93332, 0.359045, 3600, 100, 1),
(8222, 176589, 1, -8079.08, 955.209, 51.852, 3.96613, 0, 0, 0.916215, -0.400687, 3600, 100, 1),
(8223, 176589, 1, -7924.17, 1851.91, 5.441, 1.63742, 0, 0, 0.730265, 0.683164, 3600, 100, 1),
(8224, 176589, 1, -7367.63, 1204.64, -1.235, 5.4898, 0, 0, 0.38637, -0.922344, 3600, 100, 1),
(8225, 176589, 1, -7319.46, 1641.69, -31.032, 4.04467, 0, 0, 0.899778, -0.436349, 3600, 100, 1),
(8226, 176589, 0, 2598.65, -5515.23, 158.735, 5.96369, 0, 0, 0.159068, -0.987268, 3600, 100, 1),
(8227, 176589, 0, 3008.31, -4925.18, 102.372, 0.418879, 0, 0, 0.207911, 0.978148, 3600, 100, 1),
(8228, 176589, 0, 3151.04, -3726.77, 133.603, 2.07984, 0, 0, 0.862363, 0.50629, 3600, 100, 1),
(8229, 176589, 0, 3032.34, -3219.78, 146.509, 1.27479, 0, 0, 0.595104, 0.803649, 3600, 100, 1),
(8230, 176589, 0, 2054.87, -4496.93, 74.723, 2.56679, 0, 0, 0.958984, 0.283462, 3600, 100, 1),
(8231, 176589, 0, 1661.88, -5587.4, 101.912, 4.65591, 0, 0, 0.726791, -0.686859, 3600, 100, 1),
(8232, 176589, 0, 1604.08, -3252.37, 86.589, 4.25536, 0, 0, 0.848907, -0.528543, 3600, 100, 1),
(8233, 176589, 0, 2494.08, -3831.59, 179.246, 6.03433, 0, 0, 0.124106, -0.992269, 3600, 100, 1),
(8234, 176589, 0, 2514.07, -5150.64, 74.152, 5.86138, 0, 0, 0.209345, -0.977842, 3600, 100, 1),
(8235, 176589, 0, 2920.72, -3691.81, 114.765, 1.82438, 0, 0, 0.790846, 0.612015, 3600, 100, 1),
(8236, 176589, 1, 6569.67, -5107.47, 770.536, 5.36542, 0, 0, 0.442948, -0.896547, 3600, 100, 1),
(8237, 176589, 1, 6800.05, -5163.95, 733.76, 5.06699, 0, 0, 0.571308, -0.820736, 3600, 100, 1),
(8238, 176589, 1, 8089.14, -3824.4, 696.441, 0.62557, 0, 0, 0.30771, 0.95148, 3600, 100, 1),
(8239, 176589, 1, 6626.89, -4028.38, 660.008, 4.57225, 0, 0, 0.754879, -0.655865, 3600, 100, 1),
(8240, 176589, 1, 6189.89, -4408.3, 670.791, 2.04328, 0, 0, 0.852966, 0.521967, 3600, 100, 1),
(8241, 176589, 1, 5687.55, -4513.69, 765.079, 5.12597, 0, 0, 0.546859, -0.837225, 3600, 100, 1),
(8242, 176589, 1, 5489.21, -4935.94, 854.791, 2.5224, 0, 0, 0.952457, 0.304672, 3600, 100, 1),
(8243, 176589, 1, 5038.89, -4860.6, 874.446, 1.4307, 0, 0, 0.655882, 0.754863, 3600, 100, 1),
(8244, 176589, 1, 6440.07, -3168.58, 572.558, 2.07086, 0, 0, 0.860081, 0.510157, 3600, 100, 1),
(8245, 176589, 1, 6852.8, -2499.04, 562.208, 0.684644, 0, 0, 0.335675, 0.941978, 3600, 100, 1),
(8246, 176589, 0, -8240.04, -1760.8, 146.609, 1.27503, 0, 0, 0.595199, 0.803578, 3600, 100, 1),
(8247, 176589, 0, -8233.9, -1955.15, 143.781, 3.105, 0, 0, 0.999833, 0.0182929, 3600, 100, 1),
(8248, 176589, 0, -8235.75, -1190.46, 142.556, 3.48592, 0, 0, 0.985216, -0.171316, 3600, 100, 1),
(8249, 176589, 0, -7941.26, -877.766, 129.779, 5.83035, 0, 0, 0.224488, -0.974477, 3600, 100, 1),
(8250, 176589, 0, -7622.64, -708.244, 182.917, 6.1288, 0, 0, 0.0771182, -0.997022, 3600, 100, 1),
(8251, 176589, 0, -7990.54, -1306.06, 133.762, 5.17452, 0, 0, 0.526376, -0.850252, 3600, 100, 1),
(8252, 176589, 0, -7704.63, -1527.92, 132.998, 5.2295, 0, 0, 0.502808, -0.864398, 3600, 100, 1),
(8253, 176589, 0, -7752.02, -2119.13, 133.439, 3.5252, 0, 0, 0.981662, -0.190628, 3600, 100, 1),
(8254, 176589, 0, -7955.56, -2506.87, 133.805, 3.42085, 0, 0, -0.990268, 0.139175, 3600, 100, 1),
(8255, 176589, 0, -7776.3, -2699.34, 173.787, 4.5204, 0, 0, -0.771625, 0.636078, 3600, 100, 1);

DELETE FROM `pool_gameobject` WHERE `guid` BETWEEN 8216 AND 8255;
INSERT INTO `pool_gameobject` (`guid`, `pool_entry`, `chance`, `description`) VALUES 
(8216, 520, 0, 'Black Lotus'),
(8217, 520, 0, 'Black Lotus'),
(8218, 520, 0, 'Black Lotus'),
(8219, 520, 0, 'Black Lotus'),
(8220, 520, 0, 'Black Lotus'),
(8221, 520, 0, 'Black Lotus'),
(8222, 520, 0, 'Black Lotus'),
(8223, 520, 0, 'Black Lotus'),
(8224, 520, 0, 'Black Lotus'),
(8225, 520, 0, 'Black Lotus'),
(8226, 521, 0, 'Black Lotus'),
(8227, 521, 0, 'Black Lotus'),
(8228, 521, 0, 'Black Lotus'),
(8229, 521, 0, 'Black Lotus'),
(8230, 521, 0, 'Black Lotus'),
(8231, 521, 0, 'Black Lotus'),
(8232, 521, 0, 'Black Lotus'),
(8233, 521, 0, 'Black Lotus'),
(8234, 521, 0, 'Black Lotus'),
(8235, 521, 0, 'Black Lotus'),
(8236, 522, 0, 'Black Lotus'),
(8237, 522, 0, 'Black Lotus'),
(8238, 522, 0, 'Black Lotus'),
(8239, 522, 0, 'Black Lotus'),
(8240, 522, 0, 'Black Lotus'),
(8241, 522, 0, 'Black Lotus'),
(8242, 522, 0, 'Black Lotus'),
(8243, 522, 0, 'Black Lotus'),
(8244, 522, 0, 'Black Lotus'),
(8245, 522, 0, 'Black Lotus'),
(8246, 523, 0, 'Black Lotus'),
(8247, 523, 0, 'Black Lotus'),
(8248, 523, 0, 'Black Lotus'),
(8249, 523, 0, 'Black Lotus'),
(8250, 523, 0, 'Black Lotus'),
(8251, 523, 0, 'Black Lotus'),
(8252, 523, 0, 'Black Lotus'),
(8253, 523, 0, 'Black Lotus'),
(8254, 523, 0, 'Black Lotus'),
(8255, 523, 0, 'Black Lotus');

DELETE FROM `pool_template` WHERE `entry` BETWEEN 520 AND 523;
INSERT INTO `pool_template` (`entry`, `max_limit`, `description`) VALUES
(520, 1, 'Black Lotus in Silithus'),
(521, 1, 'Black Lotus in Eastern Plaguelands'),
(522, 1, 'Black Lotus in Winterspring'),
(523, 1, 'Black Lotus in Burning Steppes');

-- Update ZoneId because I forgot to do it at INSERTS
UPDATE `gameobject` SET `zoneId`=36 WHERE `guid` IN (78409,78819,78820,78923);
UPDATE `gameobject` SET `zoneId`=47 WHERE `guid` IN (78417,78418,78420,78421,78423,78840,78874,78890,78891,78892,78893,78898,78899,78905,78906,78907,78910,78911,78912,78915);
UPDATE `gameobject` SET `zoneId`=17 WHERE `guid` IN (78442,78443,78444,78445,78446,78447,78459,78460,78462,78502,78503,78504,78505,78506,78511,78516,78517,78518,78559,78560,78561,78574,78591,78592,78623,78624,78641,78645,78649,78654,78655,78656,78657,78658,78663,78695,78696,78698,78699,78714,78730,78748,78790,78793,78806,78807,78808,78809,78810,78811,78812,78813,78829,78830,78845,78854,78855,78865,78872,78900,78901,78924,78948,78949,78966,78974,79025,79027,79029,79030,79039,79040,79041,79099,79100,79101);
UPDATE `gameobject` SET `zoneId`=130 WHERE `guid` IN (78424,78492,78572,78608,78609,78643,78713,78741,79020,79060,79061,79062,79063,79064,79065,79066,79071);
UPDATE `gameobject` SET `zoneId`=331 WHERE `guid` IN (78449,78450,78451,78454,78458,78469,78478,78479,78480,78486,78490,78493,78494,78496,78497,78501,78507,78508,78509,78510,78532,78533,78534,78535,78536,78540,78541,78542,78543,78546,78547,78548,78554,78562,78565,78567,78568,78579,78584,78585,78604,78605,78610,78611,78613,78614,78615,78616,78617,78618,78631,78635,78636,78637,78642,78647,78648,78659,78660,78661,78664,78666,78668,78670,78671,78672,78673,78674,78675,78676,78678,78682,78683,78684,78685,78686,78687,78688,78689,78693,78697,78718,78719,78722,78723,78727,78728,78733,78734,78743,78746,78747,78749,78750,78814,78888,78889,78897,78916,78918,78920,78922,78927,78935,78939,78940,78988,79011,79031,79052,79053,79054,79057,79072,79074,79075,79076,79077,79078,79080);
UPDATE `gameobject` SET `zoneId`=40 WHERE `guid` IN (78775,78776,78777,78778,78779,78780,78781,78929,78930,78931,78932,78933,78941,78942,78943,78944,78945,78946,78990,78991,78997,78998,78999,79000,79001,79002,79003,79004,79067,79068,79069,79070);
UPDATE `gameobject` SET `zoneId`=267 WHERE `guid` IN (78410,78411,78413,78414,78415,78416,78422,78425,78426,78427,78428,78429,78430,78431,78432,78433,78434,78440,78457,78467,78472,78473,78526,78539,78558,78563,78564,78573,78578,78594,78595,78600,78621,78662,78706,78731,78740,78756,78831,78833,78834,78846,78847,78848,78849,78861,78877,78878,78894,78902,78903,78904,78909,78926,79058,79059);
UPDATE `gameobject` SET `zoneId`=405 WHERE `guid` IN (78477,78482,78483,78495,78545,78557,78566,78571,78601,78602,78606,78644,78694,78715,78725,78726,78737,78821,78822,78823,78824,78825,78856,78857,78950,78951,78952,78953,78954,78955,78956,78957,78958,78959,78960,78961,78962,78963,78964,78965);
UPDATE `gameobject` SET `zoneId`=11 WHERE `guid` IN (78439,78521,78544,78757,78758,78759,78760,78761,78762,78763,78764,78765,78766,78767,78768,78769,78770,78771,78772,78773,78774,78794,78795,78796,78797,78798,78799,78800,78801,78802,78803,78804,78805,78826,78827,78828,78832,78850,78851,78860,78862,78863,78864,78867,78870,78879,78880,78881,78882,78883,78884,78885,78886,78908,78934,78936,78937,78996,79016,79017,79018,79019,79021,79022,79042,79043,79044,79045,79046,79049,79050,79055);
UPDATE `gameobject` SET `zoneId`=33 WHERE `guid` IN (78412,78419,78435,78436,78437,78438,78448,78500,78514,78515,78519,78520,78524,78527,78528,78529,78530,78531,78583,78603,78622,78629,78667,78679,78701,78702,78703,78712,78729,78732,78744,78782,78783,78784,78785,78786,78787,78788,78789,78791,78792,78815,78816,78817,78818,78835,78836,78837,78838,78839,78873,78875,78876,78895,78896,78913,78914,78921,78925,78928,78968,78969,78970,78971,78972,78973,78975,78976,78977,78978,78979,78980,78981,78992,78993,78994,78995,79012,79013,79014,79015,79023,79024,79028,79035,79036,79037,79038,79048);
UPDATE `gameobject` SET `zoneId`=357 WHERE `guid` IN (78452,78453,78456,78470,78474,78485,78487,78488,78538,78555,78556,78570,78590,78639,78650,78651,78724,78735,78736,78742,78752,78754,78755,78841,78842,78843,78844,78852,78887,78919,79094,79095,79096,79097,79098,79107);
UPDATE `gameobject` SET `zoneId`=16 WHERE `guid` IN (78498,78499,78523,78577,78607,78638,78709,78738,78751,78858,78859,79081,79082,79083,79092,79093);
UPDATE `gameobject` SET `zoneId`=148 WHERE `guid` IN (78441,78455,78463,78464,78465,78466,78468,78471,78475,78476,78484,78489,78491,78512,78513,78522,78525,78549,78550,78551,78552,78553,78569,78575,78576,78580,78581,78582,78586,78587,78588,78589,78593,78596,78597,78598,78599,78619,78620,78625,78626,78627,78628,78630,78632,78633,78634,78640,78646,78652,78653,78665,78669,78677,78680,78681,78690,78691,78692,78700,78704,78705,78707,78708,78710,78711,78717,78720,78721,78745,78753,78853,78866,78868,78869,78871,78917,78938,78982,78983,78984,78985,78986,78987,78989,79005,79006,79007,79008,79009,79010,79032,79033,79034,79047,79051,79056,79073,79079,79084,79085,79086,79087,79088,79089,79090,79091);
UPDATE `gameobject` SET `zoneId`=14 WHERE `guid` IN (78461,78481,78537,78612,78716,78739,78967,79026);
UPDATE `gameobject` SET `zoneId`=15 WHERE `guid` IN (78947,79102,79103,79104,79105,79106);
UPDATE `gameobject` SET `zoneId`=1377 WHERE `guid` IN (8216,8217,8218,8219,8220,8221,8222,8223,8224,8225);
UPDATE `gameobject` SET `zoneId`=139 WHERE `guid` IN (8226,8227,8228,8229,8230,8231,8232,8233,8234,8235);
UPDATE `gameobject` SET `zoneId`=618 WHERE `guid` IN (8236,8237,8238,8239,8240,8241,8242,8243,8244,8245);
UPDATE `gameobject` SET `zoneId`=46 WHERE `guid` IN (8246,8247,8248,8249,8250,8251,8252,8253,8254,8255);
