--
DELETE FROM `gameobject` WHERE `guid` IN (28674,28676,28678,28680,28682,28685,28687,28689,28691,28693,28732,28734,28736,28738,28740,28742,28744);
INSERT INTO `gameobject` (`guid`, `id`, `map`, `zoneId`, `areaId`, `position_x`, `position_y`, `position_z`, `orientation`, `rotation2`, `rotation3`, `spawntimesecs`, `animprogress`, `state`) VALUES
(28674, 180229, 309, 1977, 3382, -11518.2, -1693.06, 52.485, 1.02974, 0.492424, 0.870356, 7200, 100, 1),
(28676, 180229, 309, 1977, 3380, -12382.4, -1919.37, 131.553, -2.84489, 0.989016, -0.147809, 7200, 100, 1),
(28678, 180228, 309, 1977, 1977, -11810.1, -1882.4, 46.0745, -2.44346, 0.939693, -0.34202, 600, 100, 1),
(28680, 180228, 309, 1977, 1977, -11526.3, -1479.74, 78.0266, -1.15192, 0.544639, -0.838671, 600, 100, 1),
(28682, 180229, 309, 1977, 3379, -12376.2, -1661.07, 132.864, 1.43117, 0.656059, 0.75471, 7200, 100, 1),
(28685, 180228, 309, 1977, 3383, -11539.9, -1247.64, 78.5177, 3.00197, 0.997564, 0.069757, 600, 100, 1),
(28687, 180228, 309, 1977, 3382, -11452.9, -1613.94, 49.0348, 2.53073, 0.953717, 0.300706, 600, 100, 1),
(28689, 180229, 309, 1977, 3380, -12155.9, -1960.37, 133.111, -2.63545, 0.968148, -0.25038, 7200, 100, 1),
(28691, 180228, 309, 1977, 3384, -11781.9, -1621.91, 21.149, -3.12414, 0.999962, -0.008727, 600, 100, 1),
(28693, 180228, 309, 1977, 3380, -12357.9, -1836.31, 130.865, 0.453786, 0.224951, 0.97437, 600, 100, 1),
(28732, 180228, 309, 1977, 3381, -11742.3, -1930.5, 56.9127, 1.62316, 0.725374, 0.688355, 600, 100, 1),
(28734, 180229, 309, 1977, 3380, -12358.3, -1939.73, 132.353, 0.10472, 0.052336, 0.99863, 7200, 100, 1),
(28736, 180228, 309, 1977, 1977, -11974.8, -1474.54, 79.9835, 2.93215, 0.994522, 0.104528, 600, 100, 1),
(28738, 180229, 309, 1977, 3382, -11542.7, -1544.95, 51.7792, -0.785398, 0.382683, -0.92388, 7200, 100, 1),
(28740, 180228, 309, 0, 0, -11638.4, -1882.91, 57.3159, -2.42601, 0.936672, -0.350207, 600, 100, 1),
(28742, 180229, 309, 0, 0, -11556, -1725.95, 39.7283, 0.942478, 0.45399, 0.891007, 7200, 100, 1),
(28744, 180228, 309, 0, 0, -11594.7, -1216.66, 81.3685, 0.331613, 0.165048, 0.986286, 600, 100, 1);

SET @ENTRY=484;
DELETE FROM `pool_gameobject` WHERE `pool_entry` BETWEEN @ENTRY AND @ENTRY+16;
INSERT INTO `pool_gameobject` (`guid`, `pool_entry`, `description`) VALUES
(28673, @ENTRY, 'Jinxed Hoodoo Pile 1'),
(28674, @ENTRY, 'Jinxed Hoodoo Pile 1'),
(28675, @ENTRY+1, 'Jinxed Hoodoo Pile 2'),
(28676, @ENTRY+1, 'Jinxed Hoodoo Pile 2'),
(28677, @ENTRY+2, 'Jinxed Hoodoo Pile 3'),
(28678, @ENTRY+2, 'Jinxed Hoodoo Pile 3'),
(28679, @ENTRY+3, 'Jinxed Hoodoo Pile 4'),
(28680, @ENTRY+3, 'Jinxed Hoodoo Pile 4'),
(28681, @ENTRY+4, 'Jinxed Hoodoo Pile 5'),
(28682, @ENTRY+4, 'Jinxed Hoodoo Pile 5'),
(28684, @ENTRY+5, 'Jinxed Hoodoo Pile 6'),
(28685, @ENTRY+5, 'Jinxed Hoodoo Pile 6'),
(28686, @ENTRY+6, 'Jinxed Hoodoo Pile 7'),
(28687, @ENTRY+6, 'Jinxed Hoodoo Pile 7'),
(28688, @ENTRY+7, 'Jinxed Hoodoo Pile 8'),
(28689, @ENTRY+7, 'Jinxed Hoodoo Pile 8'),
(28690, @ENTRY+8, 'Jinxed Hoodoo Pile 9'),
(28691, @ENTRY+8, 'Jinxed Hoodoo Pile 9'),
(28692, @ENTRY+9, 'Jinxed Hoodoo Pile 10'),
(28693, @ENTRY+9, 'Jinxed Hoodoo Pile 10'),
(28731, @ENTRY+10, 'Jinxed Hoodoo Pile 11'),
(28732, @ENTRY+10, 'Jinxed Hoodoo Pile 11'),
(28733, @ENTRY+11, 'Jinxed Hoodoo Pile 12'),
(28734, @ENTRY+11, 'Jinxed Hoodoo Pile 12'),
(28735, @ENTRY+12, 'Jinxed Hoodoo Pile 13'),
(28736, @ENTRY+12, 'Jinxed Hoodoo Pile 13'),
(28737, @ENTRY+13, 'Jinxed Hoodoo Pile 14'),
(28738, @ENTRY+13, 'Jinxed Hoodoo Pile 14'),
(28739, @ENTRY+14, 'Jinxed Hoodoo Pile 15'),
(28740, @ENTRY+14, 'Jinxed Hoodoo Pile 15'),
(28741, @ENTRY+15, 'Jinxed Hoodoo Pile 16'),
(28742, @ENTRY+15, 'Jinxed Hoodoo Pile 16'),
(28743, @ENTRY+16, 'Jinxed Hoodoo Pile 17'),
(28744, @ENTRY+16, 'Jinxed Hoodoo Pile 17');

DELETE FROM `pool_template` WHERE `entry` BETWEEN @ENTRY AND @ENTRY+16;
INSERT INTO `pool_template` (`entry`, `max_limit`, `description`) VALUES
(@ENTRY, 1, 'ZG - Jinxed Hoodoo Pile - Spawn Point 1'),
(@ENTRY+1, 1, 'ZG - Jinxed Hoodoo Pile - Spawn Point 2'),
(@ENTRY+2, 1, 'ZG - Jinxed Hoodoo Pile - Spawn Point 3'),
(@ENTRY+3, 1, 'ZG - Jinxed Hoodoo Pile - Spawn Point 4'),
(@ENTRY+4, 1, 'ZG - Jinxed Hoodoo Pile - Spawn Point 5'),
(@ENTRY+5, 1, 'ZG - Jinxed Hoodoo Pile - Spawn Point 6'),
(@ENTRY+6, 1, 'ZG - Jinxed Hoodoo Pile - Spawn Point 7'),
(@ENTRY+7, 1, 'ZG - Jinxed Hoodoo Pile - Spawn Point 8'),
(@ENTRY+8, 1, 'ZG - Jinxed Hoodoo Pile - Spawn Point 9'),
(@ENTRY+9, 1, 'ZG - Jinxed Hoodoo Pile - Spawn Point 10'),
(@ENTRY+10, 1, 'ZG - Jinxed Hoodoo Pile - Spawn Point 11'),
(@ENTRY+11, 1, 'ZG - Jinxed Hoodoo Pile - Spawn Point 12'),
(@ENTRY+12, 1, 'ZG - Jinxed Hoodoo Pile - Spawn Point 13'),
(@ENTRY+13, 1, 'ZG - Jinxed Hoodoo Pile - Spawn Point 14'),
(@ENTRY+14, 1, 'ZG - Jinxed Hoodoo Pile - Spawn Point 15'),
(@ENTRY+15, 1, 'ZG - Jinxed Hoodoo Pile - Spawn Point 16'),
(@ENTRY+16, 1, 'ZG - Jinxed Hoodoo Pile - Spawn Point 17');
